match_id,round,date,home_team,home_id,away_team,away_id,home_score,away_score,venue,city,referee,result,home_xg,away_xg,home_possession,away_possession,home_shots,away_shots,home_shots_on_target,away_shots_on_target,home_big_chances,away_big_chances,home_big_chances_missed,away_big_chances_missed,home_corners,away_corners,home_passes,away_passes,home_accurate_passes,away_accurate_passes,home_fouls,away_fouls,home_tackles,away_tackles,home_interceptions,away_interceptions,home_recoveries,away_recoveries,home_touches_in_box,away_touches_in_box,home_final_third_entries,away_final_third_entries,home_yellow_cards,away_yellow_cards,home_gk_saves,away_gk_saves,home_goals_prevented,away_goals_prevented
13981750,1,2025-07-19,Widzew Łódź,3115,Zagłębie Lubin,3113,1,0,Stadion Widzewa Łódź,Lodz,Paweł Raczkowski,H,1.06,0.67,53,47,15,11,4,2,,,,,8,6,349,311,283,244,8,20,16,15,2,11,34,44,34,21,58,36,3.0,4.0,2,3,0.124,-0.2298
13981752,1,2025-07-20,Górnik Zabrze,3110,KS Lechia Gdańsk,7913,2,1,Stadion im. Ernesta Pohla,Zabrze,Marcin Kochanek,H,2.31,1.9,53,47,21,15,6,6,2.0,3.0,1.0,2.0,6,3,430,398,371,329,8,10,12,16,4,2,39,34,35,22,48,42,1.0,1.0,5,4,1.7446,-0.2653
13981753,1,2025-07-20,Motor Lublin,7915,MZKS Arka Gdynia,5064,1,0,Arena Lublin,Lublin,Bartosz Frankowski,H,1.92,0.49,60,40,17,9,5,1,4.0,0.0,3.0,0.0,8,8,457,301,375,235,14,11,6,12,2,5,38,29,39,15,49,51,2.0,4.0,1,3,0.0813,-0.0154
13981754,1,2025-07-19,GKS Katowice,3112,Raków Częstochowa,35268,0,1,Arena Katowice,Katowice,Jaroslaw Przybyl,A,0.16,1.81,49,51,3,18,0,4,0.0,4.0,0.0,4.0,3,6,424,439,345,364,7,14,16,16,4,9,47,54,10,34,37,62,1.0,1.0,4,0,-0.0039,0.0
13981759,1,2025-07-18,Jagiellonia Białystok,7691,Bruk-Bet Termalica Nieciecza,36851,0,4,Chorten Arena,Bialystok,Pawel Malec,A,0.89,2.47,64,36,13,18,4,6,0.0,3.0,0.0,1.0,3,8,543,311,469,226,7,10,20,25,4,8,57,56,35,23,73,49,1.0,0.0,3,4,-0.809,0.2532
13981760,1,2025-07-20,Radomiak Radom,7295,Pogoń Szczecin,3117,5,1,Stadion im. Braci Czachorów,Radom,Piotr Lasyk,H,1.66,1.47,43,57,15,6,8,1,4.0,4.0,1.0,3.0,4,4,300,403,240,333,8,9,7,7,7,7,29,33,25,16,48,48,1.0,1.0,0,3,-0.6282,-2.2077
13981761,1,2025-07-18,Lech Poznań,3121,Cracovia,4901,1,4,Enea Poznań,Poznan,Damian Sylwestrzak,A,1.43,0.73,75,25,10,7,2,5,1.0,2.0,,,5,0,638,222,572,153,10,12,6,12,4,8,31,31,16,8,90,31,1.0,2.0,1,1,-1.6238,-0.0992
13981884,1,2025-07-19,Wisła Płock,3122,MKS Korona Kielce,5065,2,0,Stadion im. Kazimierza Gorskiego,Plock,Damian Kos,H,2.75,0.12,64,36,22,5,8,1,6.0,0.0,4.0,0.0,7,1,499,282,436,212,12,13,15,10,8,8,33,35,46,7,64,41,1.0,3.0,1,6,0.0729,0.148
14079318,1,2025-12-14,Legia Warszawa,3106,Piast Gliwice,7918,0,1,Stadion Wojska Polskiego w Warszawie,Warsaw,Mohammad Al-Emara,A,0.65,0.56,52,48,10,10,2,3,,,,,5,3,416,388,321,302,14,14,19,16,12,14,65,64,18,12,52,55,3.0,1.0,2,2,-0.4017,0.1764
13981745,2,2025-07-26,Piast Gliwice,7918,Górnik Zabrze,3110,0,1,Stadion Miejski w Gliwicach,Gliwice,Tomasz Kwiatkowski,A,0.76,0.27,62,38,10,8,0,4,1.0,1.0,1.0,1.0,6,2,514,315,452,255,13,8,13,9,7,5,36,25,21,15,38,46,2.0,1.0,3,0,-0.6942,0.0
13981747,2,2025-07-27,Raków Częstochowa,35268,Wisła Płock,3122,1,2,Miejski Stadion Piłkarski Raków w Częstochowie,Czestochowa,Paweł Raczkowski,A,0.78,2.42,61,39,11,11,3,5,1.0,3.0,1.0,2.0,6,3,480,320,410,239,17,21,13,14,4,5,42,53,22,15,48,47,4.0,4.0,3,2,0.4466,0.1055
13981748,2,2025-07-27,Jagiellonia Białystok,7691,Widzew Łódź,3115,3,2,Chorten Arena,Bialystok,Wojciech Myc,H,1.63,1.19,59,41,12,18,5,7,3.0,2.0,,,4,2,442,314,364,244,12,18,17,11,5,14,43,47,25,22,41,41,2.0,3.0,5,2,-0.8477,-1.1188
13981749,2,2025-07-27,MKS Korona Kielce,5065,Legia Warszawa,3106,0,2,Exbud Arena,Kielce,Szymon Marciniak,A,1.05,1.72,52,48,18,17,2,5,2.0,2.0,2.0,1.0,13,7,388,374,311,300,8,15,13,17,12,8,39,48,25,28,50,51,0.0,1.0,3,2,-0.5685,0.5361
13981755,2,2025-07-25,MZKS Arka Gdynia,5064,Radomiak Radom,7295,1,1,Stadion GOSiR,Gdynia,Karol Arys,D,0.76,0.84,49,51,10,15,4,3,2.0,1.0,1.0,0.0,5,4,319,334,251,266,16,12,16,21,6,7,35,41,17,20,52,55,1.0,3.0,2,3,0.1478,-0.1034
13981765,2,2025-07-26,KS Lechia Gdańsk,7913,Lech Poznań,3121,3,4,Polsat Plus Arena Gdańsk,Gdansk,Bartosz Frankowski,A,1.38,2.59,40,60,16,21,7,11,3.0,4.0,1.0,3.0,9,10,278,433,211,363,13,11,18,14,7,2,32,29,22,32,50,53,3.0,3.0,7,4,-1.6502,-0.759
13981766,2,2025-07-26,Pogoń Szczecin,3117,Motor Lublin,7915,4,1,Stadion Miejski im. Floriana Krygiera,Szczecin,Patryk Gryckiewicz,H,2.66,1.77,42,58,19,20,5,8,3.0,2.0,0.0,1.0,6,8,298,409,231,348,11,8,8,20,7,8,47,37,30,34,51,62,2.0,1.0,7,1,0.8073,-0.7594
13981767,2,2025-07-25,Cracovia,4901,Bruk-Bet Termalica Nieciecza,36851,2,0,Marshal Jozef Pilsudski Stadium,Kraków,Jaroslaw Przybyl,H,1.74,0.59,46,54,14,7,3,4,2.0,1.0,0.0,1.0,5,6,314,363,234,272,16,16,20,23,11,2,47,39,20,18,39,70,3.0,5.0,5,1,1.3421,-0.2834
14051696,2,2025-07-28,GKS Katowice,3112,Zagłębie Lubin,3113,2,2,Arena Katowice,Katowice,Marcin Szczerbowicz,D,1.24,2.28,56,44,18,20,8,3,1.0,3.0,1.0,1.0,14,8,311,248,229,177,9,16,13,7,6,8,35,31,38,33,33,47,1.0,1.0,0,6,-0.2538,-0.6848
13981751,3,2025-08-01,Wisła Płock,3122,Piast Gliwice,7918,2,0,Stadion im. Kazimierza Gorskiego,Plock,Patryk Gryckiewicz,H,1.19,0.29,30,70,9,6,3,1,1.0,0.0,,,8,6,250,600,193,542,10,11,15,4,5,7,34,31,24,15,36,77,3.0,5.0,1,2,0.0198,-1.1398
13981756,3,2025-08-02,Bruk-Bet Termalica Nieciecza,36851,Pogoń Szczecin,3117,1,1,Stadion Bruk-Bet,Nieciecza,Piotr Rzucidlo,D,1.95,1.04,42,58,16,12,7,2,4.0,3.0,3.0,3.0,6,9,339,453,254,383,8,14,9,10,5,9,37,46,23,20,54,43,0.0,2.0,1,6,-0.0944,0.5207
13981758,3,2025-08-01,Zagłębie Lubin,3113,MKS Korona Kielce,5065,1,1,KGHM Zagłębie Arena,Lubin,Wojciech Myc,D,0.49,1.58,46,54,8,17,2,5,0.0,1.0,0.0,1.0,7,8,309,372,222,285,15,19,22,13,6,13,39,39,22,40,39,73,2.0,2.0,4,2,0.2443,-0.0106
13981762,3,2025-08-03,Legia Warszawa,3106,MZKS Arka Gdynia,5064,0,0,Stadion Wojska Polskiego w Warszawie,Warsaw,Piotr Lasyk,D,1.85,0.66,63,37,20,6,3,0,4.0,2.0,4.0,2.0,13,4,473,284,388,213,19,13,9,15,7,10,38,27,44,10,70,38,3.0,3.0,0,3,0.0,0.9184
13981763,3,2025-08-02,Widzew Łódź,3115,GKS Katowice,3112,3,0,Stadion Widzewa Łódź,Lodz,Bartosz Frankowski,H,1.72,1.09,43,57,21,8,4,3,3.0,1.0,2.0,1.0,8,6,274,364,206,297,6,7,21,13,4,5,41,39,33,13,29,50,4.0,2.0,3,2,0.646,-1.6192
13981769,3,2025-08-02,Lech Poznań,3121,Górnik Zabrze,3110,2,1,Enea Poznań,Poznan,Szymon Marciniak,H,1.6,0.49,56,44,12,12,5,1,2.0,0.0,,,6,8,525,414,446,341,9,5,12,13,5,5,39,46,19,13,66,40,2.0,1.0,0,3,-0.6461,0.1611
13981771,3,2025-08-03,Radomiak Radom,7295,Raków Częstochowa,35268,3,1,Stadion im. Braci Czachorów,Radom,Damian Sylwestrzak,H,2.39,0.84,36,64,12,11,6,5,4.0,3.0,3.0,2.0,1,7,243,414,178,338,20,14,15,15,5,6,28,29,25,40,30,63,3.0,3.0,4,3,-0.3531,0.7812
13981772,3,2025-08-03,Cracovia,4901,KS Lechia Gdańsk,7913,2,2,Marshal Jozef Pilsudski Stadium,Kraków,Mateusz Piszczelok,D,2.99,0.58,56,44,20,12,6,2,6.0,1.0,4.0,0.0,5,4,424,335,336,249,13,13,19,12,9,9,41,40,32,26,59,50,3.0,2.0,0,4,-1.1975,1.3613
15028170,3,2025-12-14,Motor Lublin,7915,Jagiellonia Białystok,7691,1,1,Arena Lublin,Lublin,Tomasz Kwiatkowski,D,2.0,1.7,49,51,16,21,1,7,4.0,3.0,3.0,2.0,5,7,366,386,283,316,14,8,29,18,8,8,57,52,32,36,33,57,2.0,1.0,6,0,1.8883,-0.2803
13981764,4,2025-08-09,MZKS Arka Gdynia,5064,Pogoń Szczecin,3117,2,1,Stadion GOSiR,Gdynia,Szymon Marciniak,H,0.48,2.01,44,56,11,13,5,3,0.0,3.0,0.0,2.0,6,5,314,399,254,324,13,14,15,13,9,2,37,42,11,24,42,35,3.0,3.0,2,3,0.2269,-0.1303
13981768,4,2025-08-10,Legia Warszawa,3106,GKS Katowice,3112,3,1,Stadion Wojska Polskiego w Warszawie,Warsaw,Damian Kos,H,1.83,0.58,58,42,20,7,7,6,4.0,2.0,2.0,1.0,5,7,472,341,374,238,11,13,8,21,12,16,49,39,41,19,63,50,3.0,1.0,5,4,0.2119,0.2308
13981773,4,2025-08-11,KS Lechia Gdańsk,7913,Motor Lublin,7915,3,3,Polsat Plus Arena Gdańsk,Gdansk,Lukasz Kuzma,D,2.66,0.64,53,47,18,14,9,4,6.0,1.0,3.0,0.0,3,8,341,300,250,230,11,12,21,11,8,7,48,54,36,24,62,48,2.0,2.0,1,5,-0.9425,0.036
13981774,4,2025-08-08,Górnik Zabrze,3110,Bruk-Bet Termalica Nieciecza,36851,0,1,Stadion im. Ernesta Pohla,Zabrze,Karol Arys,A,1.69,0.47,62,38,25,7,5,2,3.0,0.0,3.0,0.0,7,2,569,364,487,269,12,15,17,20,9,11,65,59,50,15,71,46,3.0,3.0,1,5,-0.371,1.403
13981776,4,2025-08-08,MKS Korona Kielce,5065,Radomiak Radom,7295,3,0,Exbud Arena,Kielce,Paweł Raczkowski,H,2.21,0.62,43,57,13,7,3,3,3.0,0.0,1.0,0.0,2,5,315,428,248,355,15,16,15,19,9,8,49,38,27,20,60,57,5.0,3.0,3,0,0.764,-0.9121
13981777,4,2025-08-10,Jagiellonia Białystok,7691,Cracovia,4901,5,2,Chorten Arena,Bialystok,Patryk Gryckiewicz,H,3.01,2.6,64,36,15,12,8,4,3.0,4.0,0.0,2.0,10,5,492,280,413,202,14,17,8,19,9,9,44,41,32,15,62,44,2.0,3.0,2,3,-0.0031000000000001,-1.5593
13981779,4,2025-08-09,Widzew Łódź,3115,Wisła Płock,3122,1,1,Stadion Widzewa Łódź,Lodz,Tomasz Kwiatkowski,D,0.86,0.7,61,39,15,5,6,1,0.0,2.0,0.0,1.0,5,0,498,322,424,236,7,12,14,18,10,10,56,52,29,7,47,46,2.0,3.0,0,5,-0.0973,0.6068
15028166,4,2025-12-14,Raków Częstochowa,35268,Zagłębie Lubin,3113,0,1,Miejski Stadion Piłkarski Raków w Częstochowie,Czestochowa,Paweł Raczkowski,A,0.9,1.71,56,44,13,15,3,5,0.0,5.0,0.0,4.0,1,1,400,321,299,217,11,21,7,15,8,5,44,55,26,17,78,41,2.0,4.0,3,3,0.3867,0.2093
15224906,4,2026-02-03,Piast Gliwice,7918,Lech Poznań,3121,1,0,Stadion Miejski w Gliwicach,Gliwice,Jaroslaw Przybyl,H,1.87,2.8,48,52,14,23,3,6,3.0,5.0,2.0,5.0,3,9,363,397,285,306,10,9,9,13,8,7,47,48,38,44,48,50,1.0,2.0,6,2,1.3228,0.0564
13981780,5,2025-08-17,Wisła Płock,3122,Legia Warszawa,3106,1,0,Stadion im. Kazimierza Gorskiego,Plock,Lukasz Kuzma,H,0.6,1.15,34,66,10,23,5,3,1.0,1.0,0.0,1.0,3,9,331,603,250,532,5,9,15,16,8,5,50,58,10,41,38,112,0.0,1.0,3,4,0.577,0.2509
13981781,5,2025-08-17,Bruk-Bet Termalica Nieciecza,36851,Raków Częstochowa,35268,2,3,Stadion Bruk-Bet,Nieciecza,Szymon Marciniak,A,1.05,2.33,47,53,10,17,3,10,2.0,5.0,1.0,2.0,6,2,354,413,274,356,17,14,18,15,10,7,42,44,22,25,48,60,2.0,4.0,7,1,0.7784,-0.5697
13981782,5,2025-08-16,Motor Lublin,7915,Piast Gliwice,7918,0,0,Arena Lublin,Lublin,Karol Arys,D,0.89,0.96,41,59,8,17,1,4,,,,,7,6,314,463,257,412,17,16,15,10,5,4,36,41,19,26,33,57,4.0,2.0,4,1,1.2379,0.0858
13981783,5,2025-08-17,Pogoń Szczecin,3117,Górnik Zabrze,3110,0,3,Stadion Miejski im. Floriana Krygiera,Szczecin,Jaroslaw Przybyl,A,1.52,1.82,53,47,14,20,3,6,3.0,2.0,3.0,1.0,6,9,381,345,319,287,11,16,16,11,9,9,35,42,22,27,49,39,2.0,0.0,3,2,-0.9568,0.3451
13981784,5,2025-08-16,GKS Katowice,3112,MZKS Arka Gdynia,5064,4,1,Arena Katowice,Katowice,Damian Sylwestrzak,H,3.18,0.59,42,58,24,12,10,3,6.0,2.0,2.0,1.0,8,5,266,381,202,311,19,12,14,10,4,3,41,31,40,19,40,47,1.0,4.0,2,5,-0.4437,-0.3858
13981785,5,2025-08-17,Radomiak Radom,7295,Jagiellonia Białystok,7691,1,2,Stadion im. Braci Czachorów,Radom,Wojciech Myc,A,1.47,1.47,40,60,11,15,5,5,4.0,1.0,3.0,0.0,6,7,276,430,207,362,20,12,11,4,6,1,25,28,18,24,39,46,6.0,1.0,3,4,0.1186,-0.1795
13981786,5,2025-08-15,Zagłębie Lubin,3113,KS Lechia Gdańsk,7913,6,2,KGHM Zagłębie Arena,Lubin,Bartosz Frankowski,H,2.53,1.07,41,59,22,7,9,2,7.0,1.0,4.0,0.0,5,4,270,391,198,307,6,9,19,16,9,5,49,40,35,13,44,49,,,0,3,-1.2393,-2.17
13981788,5,2025-08-15,Cracovia,4901,Widzew Łódź,3115,1,0,Marshal Jozef Pilsudski Stadium,Kraków,Marcin Kochanek,H,0.52,0.87,44,56,8,14,2,4,2.0,0.0,1.0,0.0,7,8,264,332,189,249,16,11,15,15,13,5,40,39,19,28,48,62,2.0,1.0,3,1,0.3696,-0.3558
13981789,5,2025-08-16,Lech Poznań,3121,MKS Korona Kielce,5065,1,1,Enea Poznań,Poznan,Piotr Lasyk,D,1.45,1.33,65,35,18,16,8,2,2.0,2.0,1.0,1.0,6,0,503,259,422,196,12,10,13,16,4,8,51,57,35,27,61,34,1.0,1.0,1,7,0.0831,0.5463
13981787,6,2025-08-25,Wisła Płock,3122,Zagłębie Lubin,3113,2,1,Stadion im. Kazimierza Gorskiego,Plock,Karol Arys,H,1.73,0.41,58,42,15,7,4,3,1.0,1.0,,,4,3,544,402,474,334,15,9,15,6,5,6,49,37,20,12,67,47,1.0,0.0,2,2,-0.3969,-0.6294
13981791,6,2025-08-24,KS Lechia Gdańsk,7913,MZKS Arka Gdynia,5064,1,0,Polsat Plus Arena Gdańsk,Gdansk,Paweł Raczkowski,H,0.99,0.46,53,47,12,7,3,1,1.0,0.0,,,4,4,367,337,283,249,10,12,18,9,5,2,43,32,20,19,73,41,3.0,3.0,1,2,0.1589,-0.596
13981792,6,2025-08-23,Górnik Zabrze,3110,GKS Katowice,3112,3,0,Stadion im. Ernesta Pohla,Zabrze,Szymon Marciniak,H,2.12,0.9,51,49,18,10,6,1,3.0,1.0,2.0,1.0,2,4,450,430,392,358,9,11,13,9,6,9,46,39,37,11,53,32,0.0,1.0,1,4,0.1135,-0.7651
13981793,6,2025-08-23,MKS Korona Kielce,5065,Motor Lublin,7915,2,0,Stadion Miejski w Niepolomicach,Niepolomice,Damian Sylwestrzak,H,1.36,1.38,32,68,17,13,8,2,4.0,1.0,3.0,1.0,5,6,255,520,195,458,15,14,14,18,12,6,43,40,22,36,38,59,4.0,5.0,2,5,0.3797,-0.152
13981795,6,2025-08-24,Piast Gliwice,7918,Cracovia,4901,0,0,Stadion Miejski w Gliwicach,Gliwice,Wojciech Myc,D,0.62,0.8,60,40,15,8,1,2,0.0,2.0,0.0,2.0,4,2,547,360,477,293,20,17,6,14,5,14,37,34,22,9,68,54,1.0,0.0,1,1,0.1771,0.0484
13981796,6,2025-08-22,Widzew Łódź,3115,Pogoń Szczecin,3117,1,2,Stadion Widzewa Łódź,Lodz,Lukasz Kuzma,A,1.08,0.33,54,46,13,8,4,4,2.0,2.0,1.0,1.0,2,0,433,364,341,277,5,16,13,21,12,12,49,49,19,12,59,50,1.0,4.0,2,3,-1.4928,0.5486
13981797,6,2025-08-22,Radomiak Radom,7295,Bruk-Bet Termalica Nieciecza,36851,1,1,Stadion im. Braci Czachorów,Radom,Damian Kos,D,1.7,1.21,63,37,17,13,4,2,2.0,3.0,1.0,2.0,2,5,471,281,401,208,12,11,22,11,3,3,36,41,20,19,44,45,1.0,2.0,1,3,0.1174,-0.1119
14570884,6,2025-09-24,Raków Częstochowa,35268,Lech Poznań,3121,2,2,Miejski Stadion Piłkarski Raków w Częstochowie,Czestochowa,Szymon Marciniak,D,2.74,0.73,64,36,18,10,7,3,6.0,1.0,4.0,1.0,6,2,545,315,488,235,10,15,12,22,3,7,42,34,37,15,46,45,3.0,1.0,1,5,-1.3723,0.8541
14682952,6,2025-09-24,Legia Warszawa,3106,Jagiellonia Białystok,7691,0,0,Stadion Wojska Polskiego w Warszawie,Warsaw,Damian Sylwestrzak,D,1.93,0.14,51,49,20,3,8,1,5.0,0.0,5.0,0.0,2,2,432,413,339,326,20,15,19,19,11,9,46,55,24,7,60,32,1.0,3.0,1,8,0.0139,1.2794
13981798,7,2025-08-30,Bruk-Bet Termalica Nieciecza,36851,MKS Korona Kielce,5065,1,3,Stadion Bruk-Bet,Nieciecza,Wojciech Myc,A,0.66,2.7,46,54,9,24,6,9,1.0,4.0,1.0,3.0,3,1,368,433,286,359,13,12,16,14,5,2,41,51,16,42,60,58,0.0,2.0,6,4,-0.1055,0.5433
13981799,7,2025-08-30,Górnik Zabrze,3110,Motor Lublin,7915,0,1,Stadion im. Ernesta Pohla,Zabrze,Damian Kos,A,0.98,1.02,58,42,18,10,3,3,1.0,2.0,1.0,1.0,10,5,487,357,435,293,9,14,15,15,8,9,53,51,29,25,71,38,4.0,4.0,2,3,0.151,0.8073
13981800,7,2025-08-29,MZKS Arka Gdynia,5064,Wisła Płock,3122,1,0,Stadion GOSiR,Gdynia,Pawel Malec,H,0.46,1.38,51,49,8,18,2,4,0.0,2.0,0.0,2.0,0,5,433,403,350,321,12,10,16,14,13,6,34,34,11,26,54,35,1.0,2.0,2,1,0.1108,-0.1867
13981801,7,2025-08-31,Pogoń Szczecin,3117,Raków Częstochowa,35268,2,0,Stadion Miejski im. Floriana Krygiera,Szczecin,Bartosz Frankowski,H,0.83,0.87,45,55,6,17,3,3,3.0,1.0,2.0,1.0,1,14,338,402,256,329,16,10,14,10,10,5,49,41,14,30,40,47,4.0,3.0,3,1,0.2307,-0.7663
13981802,7,2025-08-31,Cracovia,4901,Legia Warszawa,3106,2,1,Marshal Jozef Pilsudski Stadium,Kraków,Piotr Lasyk,H,0.2,1.48,56,44,2,13,2,5,1.0,2.0,0.0,1.0,2,5,472,359,388,275,13,18,11,15,8,4,35,38,7,24,51,54,4.0,2.0,4,1,0.3244,-1.5287
13981803,7,2025-08-29,GKS Katowice,3112,Radomiak Radom,7295,3,2,Arena Katowice,Katowice,Tomasz Kwiatkowski,H,2.32,0.43,47,53,18,9,8,4,4.0,0.0,3.0,0.0,8,4,257,299,196,225,16,21,14,7,2,3,32,27,27,22,55,45,3.0,6.0,2,4,-0.7725,0.0199
13981805,7,2025-08-31,Jagiellonia Białystok,7691,KS Lechia Gdańsk,7913,2,0,Chorten Arena,Bialystok,Piotr Rzucidlo,H,0.86,1.21,52,48,12,15,4,4,1.0,1.0,0.0,1.0,1,5,394,362,320,278,13,20,8,15,7,14,40,50,20,21,44,44,4.0,4.0,4,2,1.4955,-0.3337
13981807,7,2025-08-30,Zagłębie Lubin,3113,Piast Gliwice,7918,2,2,KGHM Zagłębie Arena,Lubin,Sebastian Krasny,D,2.98,0.81,30,70,11,16,2,5,5.0,1.0,3.0,0.0,3,5,255,594,188,509,15,9,15,17,11,7,44,46,18,22,40,60,3.0,3.0,3,0,-1.3249,-0.2129
13981809,7,2025-08-31,Lech Poznań,3121,Widzew Łódź,3115,2,1,Enea Poznań,Poznan,Patryk Gryckiewicz,H,1.6,1.36,51,49,13,15,5,3,3.0,3.0,1.0,2.0,5,7,418,389,344,318,11,8,12,11,12,7,42,49,14,25,57,47,4.0,0.0,2,3,-0.0904,-0.133
13981806,8,2025-09-12,KS Lechia Gdańsk,7913,GKS Katowice,3112,2,0,Polsat Plus Arena Gdańsk,Gdansk,Pawel Malec,H,2.08,0.54,42,58,13,11,3,3,5.0,0.0,3.0,0.0,2,5,346,468,263,387,8,10,18,6,10,6,54,43,14,29,54,55,3.0,1.0,3,1,0.4705,-0.1014
13981808,8,2025-09-14,Legia Warszawa,3106,Radomiak Radom,7295,4,1,Stadion Wojska Polskiego w Warszawie,Warsaw,Szymon Marciniak,H,2.54,1.07,55,45,13,13,6,5,2.0,2.0,0.0,1.0,5,5,443,356,375,291,17,15,12,13,13,8,45,40,26,15,72,35,1.0,2.0,4,2,-0.271,-1.6375
13981810,8,2025-09-14,Motor Lublin,7915,Bruk-Bet Termalica Nieciecza,36851,1,1,Arena Lublin,Lublin,Lukasz Kuzma,D,1.25,2.01,51,49,14,10,2,6,1.0,5.0,0.0,4.0,5,4,402,388,330,327,16,13,13,14,7,11,41,43,31,22,33,52,2.0,4.0,5,1,1.312,-0.2187
13981811,8,2025-09-12,Lech Poznań,3121,Zagłębie Lubin,3113,1,2,Enea Poznań,Poznan,Damian Kos,A,1.8,0.64,64,36,26,10,6,4,3.0,0.0,3.0,0.0,7,6,503,275,411,204,11,9,3,12,6,13,47,42,37,17,92,36,3.0,3.0,2,5,-0.1149,0.5484
13981814,8,2025-09-13,Piast Gliwice,7918,Jagiellonia Białystok,7691,1,1,Stadion Miejski w Gliwicach,Gliwice,Paweł Raczkowski,D,0.84,1.04,53,47,14,11,4,6,1.0,1.0,1.0,1.0,4,1,511,462,446,384,11,13,11,11,6,8,53,48,24,27,47,48,7.0,4.0,5,3,-0.4637,0.1736
13981816,8,2025-09-13,MKS Korona Kielce,5065,Pogoń Szczecin,3117,1,0,Exbud Arena,Kielce,Piotr Lasyk,H,3.15,1.88,45,55,18,21,6,10,5.0,4.0,4.0,4.0,12,7,285,376,220,295,9,11,8,13,4,6,48,45,33,29,46,57,1.0,1.0,9,5,1.3755,1.4327
13981818,8,2025-09-14,Widzew Łódź,3115,MZKS Arka Gdynia,5064,2,0,Stadion Widzewa Łódź,Lodz,Damian Sylwestrzak,H,2.39,0.97,49,51,14,13,8,5,5.0,1.0,4.0,1.0,1,2,377,392,316,324,4,16,15,21,4,5,41,38,21,25,49,43,0.0,1.0,5,4,0.3132,-0.1988
14457539,8,2025-09-15,Raków Częstochowa,35268,Górnik Zabrze,3110,0,1,Miejski Stadion Piłkarski Raków w Częstochowie,Czestochowa,Bartosz Frankowski,A,0.96,1.61,67,33,9,16,1,7,2.0,3.0,2.0,2.0,3,6,614,295,530,213,7,16,18,19,5,5,47,45,22,24,43,49,1.0,6.0,6,1,0.4122,0.3691
15161024,8,2025-12-04,Wisła Płock,3122,Cracovia,4901,0,0,Stadion im. Kazimierza Gorskiego,Plock,Jaroslaw Przybyl,D,0.34,0.48,44,56,8,7,4,1,,,,,3,2,371,482,300,408,8,16,12,12,4,13,33,37,19,7,53,59,2.0,2.0,1,4,0.0416,0.2922
13981813,9,2025-09-20,Bruk-Bet Termalica Nieciecza,36851,Lech Poznań,3121,0,2,Stadion Bruk-Bet,Nieciecza,Tomasz Kwiatkowski,A,0.84,1.74,54,46,13,18,2,9,0.0,2.0,,,3,10,490,412,415,347,7,7,19,10,9,5,47,47,19,26,56,46,1.0,1.0,7,2,0.2825,0.116
13981815,9,2025-09-21,Zagłębie Lubin,3113,Motor Lublin,7915,2,2,KGHM Zagłębie Arena,Lubin,Lukasz Karski,D,1.95,1.05,45,55,12,16,5,6,3.0,2.0,1.0,1.0,6,5,283,369,218,321,14,15,26,10,7,5,35,34,23,19,52,50,3.0,4.0,4,3,-0.0816,0.3308
13981817,9,2025-09-20,MZKS Arka Gdynia,5064,MKS Korona Kielce,5065,0,0,Stadion GOSiR,Gdynia,Mateusz Piszczelok,D,0.44,0.45,49,51,11,9,3,1,,,,,4,6,336,345,271,276,12,15,13,12,14,7,43,42,9,20,42,41,3.0,2.0,1,3,0.0702,0.4123
13981819,9,2025-09-21,Górnik Zabrze,3110,Widzew Łódź,3115,3,2,Stadion im. Ernesta Pohla,Zabrze,Paweł Raczkowski,H,2.43,1.43,50,50,17,11,7,5,3.0,2.0,1.0,1.0,6,4,378,385,315,310,16,11,10,18,13,11,47,41,24,17,36,59,4.0,1.0,3,4,0.8277,-0.2361
13981820,9,2025-09-20,Radomiak Radom,7295,Piast Gliwice,7918,1,0,Stadion im. Braci Czachorów,Radom,Karol Arys,H,1.49,0.62,40,60,17,11,5,2,2.0,1.0,2.0,1.0,3,2,321,477,263,417,21,13,12,11,6,6,38,42,21,23,52,47,0.0,2.0,3,4,0.2824,-0.3049
13981821,9,2025-09-21,Pogoń Szczecin,3117,KS Lechia Gdańsk,7913,3,4,Stadion Miejski im. Floriana Krygiera,Szczecin,Marcin Kochanek,A,2.45,3.32,59,41,22,12,10,9,2.0,6.0,0.0,4.0,4,4,405,289,353,221,10,11,7,10,7,9,41,39,44,19,57,47,3.0,3.0,6,6,-0.3433,-0.0416
13981822,9,2025-09-19,GKS Katowice,3112,Cracovia,4901,0,3,Arena Katowice,Katowice,Szymon Marciniak,A,0.7,2.2,57,43,16,13,5,6,0.0,5.0,0.0,3.0,11,3,471,368,380,267,6,13,7,10,5,15,42,45,29,15,65,37,2.0,1.0,4,5,-0.8423,0.5081
13981823,9,2025-09-20,Raków Częstochowa,35268,Legia Warszawa,3106,1,1,Miejski Stadion Piłkarski Raków w Częstochowie,Czestochowa,Jaroslaw Przybyl,D,1.37,1.25,40,60,8,16,2,2,1.0,0.0,,,1,2,315,474,222,378,15,18,10,13,8,13,42,50,14,32,34,80,1.0,3.0,1,1,0.0185,-0.1136
13981970,9,2025-09-19,Wisła Płock,3122,Jagiellonia Białystok,7691,0,1,Stadion im. Kazimierza Gorskiego,Plock,Piotr Lasyk,A,1.25,1.76,41,59,17,13,4,9,2.0,2.0,2.0,1.0,5,5,292,443,228,384,13,8,12,10,3,9,33,33,28,29,44,61,0.0,2.0,8,4,0.5236,0.4903
13981825,10,2025-09-26,Wisła Płock,3122,GKS Katowice,3112,1,1,Stadion im. Kazimierza Gorskiego,Plock,Paweł Raczkowski,D,1.12,0.51,46,54,11,11,5,5,2.0,1.0,2.0,0.0,4,2,385,474,306,426,14,11,9,11,3,4,43,38,14,15,53,46,1.0,1.0,4,3,0.7635,0.4139
13981826,10,2025-09-28,Legia Warszawa,3106,Pogoń Szczecin,3117,1,0,Stadion Wojska Polskiego w Warszawie,Warsaw,Wojciech Myc,H,1.87,0.46,55,45,14,6,6,1,4.0,2.0,3.0,2.0,6,1,434,359,334,261,18,15,5,11,5,10,47,45,29,9,65,44,2.0,3.0,1,6,0.031,0.5186
13981827,10,2025-09-29,Zagłębie Lubin,3113,MZKS Arka Gdynia,5064,4,0,KGHM Zagłębie Arena,Lubin,Piotr Lasyk,H,1.22,0.62,40,60,10,11,7,3,1.0,1.0,0.0,1.0,2,2,313,489,238,410,15,16,14,14,6,12,46,43,14,20,34,49,0.0,3.0,2,3,0.0327,-1.3665
13981828,10,2025-09-29,Motor Lublin,7915,Radomiak Radom,7295,2,2,Arena Lublin,Lublin,Piotr Rzucidlo,D,0.85,1.86,55,45,12,20,4,5,0.0,3.0,0.0,2.0,5,3,397,340,325,275,10,14,18,14,5,3,41,43,26,25,45,48,1.0,3.0,4,2,-0.2569,0.1441
13981829,10,2025-09-27,MKS Korona Kielce,5065,KS Lechia Gdańsk,7913,3,0,Exbud Arena,Kielce,Karol Arys,H,1.49,1.22,44,56,17,10,7,3,3.0,2.0,2.0,2.0,6,5,307,398,227,314,12,13,14,20,10,9,45,55,26,16,37,60,2.0,1.0,3,4,0.5522,-0.9419
13981830,10,2025-09-28,Lech Poznań,3121,Jagiellonia Białystok,7691,2,2,Enea Poznań,Poznan,Bartosz Frankowski,D,1.66,0.86,53,47,13,15,6,3,1.0,0.0,,,5,10,406,366,331,290,10,13,17,19,6,11,44,54,29,28,52,39,1.0,4.0,1,4,-1.1543,0.0299
13981831,10,2025-09-27,Cracovia,4901,Górnik Zabrze,3110,1,1,Marshal Jozef Pilsudski Stadium,Kraków,Patryk Gryckiewicz,D,0.93,1.95,64,36,13,11,3,2,2.0,3.0,1.0,2.0,6,7,597,331,529,279,4,10,7,13,9,10,37,38,21,20,52,40,1.0,3.0,1,2,-0.7597,-0.0605
13981832,10,2025-09-28,Widzew Łódź,3115,Raków Częstochowa,35268,0,1,Stadion Widzewa Łódź,Lodz,Lukasz Kuzma,A,0.57,1.23,38,62,6,20,1,6,1.0,1.0,1.0,0.0,3,3,353,553,281,493,11,17,17,11,4,10,49,48,11,32,39,57,3.0,4.0,3,1,0.038,0.0214
13981833,10,2025-09-27,Piast Gliwice,7918,Bruk-Bet Termalica Nieciecza,36851,4,2,Stadion Miejski w Gliwicach,Gliwice,Pawel Malec,H,2.02,2.82,48,52,19,22,6,7,3.0,4.0,2.0,2.0,2,7,368,387,307,310,7,15,8,13,7,6,43,44,29,42,46,50,1.0,3.0,5,2,0.873,-2.217
13981834,11,2025-10-04,MZKS Arka Gdynia,5064,Cracovia,4901,2,1,Stadion GOSiR,Gdynia,Wojciech Myc,H,1.11,0.88,37,63,8,13,3,1,2.0,1.0,1.0,0.0,4,6,298,503,216,418,20,17,13,9,6,5,37,43,7,22,44,45,0.0,2.0,0,1,-0.7099,-1.3359
13981835,11,2025-10-03,KS Lechia Gdańsk,7913,Wisła Płock,3122,1,1,Polsat Plus Arena Gdańsk,Gdansk,Mateusz Piszczelok,D,0.89,0.54,56,44,12,9,5,1,1.0,1.0,1.0,0.0,3,4,451,342,383,269,7,11,7,13,10,5,49,53,15,14,58,48,1.0,3.0,0,4,-0.8457,0.8627
13981836,11,2025-10-04,Bruk-Bet Termalica Nieciecza,36851,Widzew Łódź,3115,2,4,Stadion Bruk-Bet,Nieciecza,Piotr Lasyk,A,0.87,1.48,53,47,9,14,4,10,2.0,4.0,2.0,2.0,3,4,378,334,291,262,15,16,13,10,5,9,40,43,15,19,53,48,1.0,2.0,6,2,-0.9389,-0.9817
13981837,11,2025-10-05,Górnik Zabrze,3110,Legia Warszawa,3106,3,1,Stadion im. Ernesta Pohla,Zabrze,Lukasz Kuzma,H,1.05,1.28,39,61,9,16,6,3,3.0,1.0,0.0,1.0,0,6,328,490,266,416,10,10,20,15,8,13,47,41,10,31,30,63,1.0,1.0,1,3,-0.8243,-0.2029
13981838,11,2025-10-04,Radomiak Radom,7295,Zagłębie Lubin,3113,3,1,Stadion im. Braci Czachorów,Radom,Sebastian Krasny,H,1.83,1.28,50,50,17,18,5,7,3.0,2.0,2.0,1.0,5,6,324,335,244,251,11,13,16,14,3,8,42,44,30,20,48,53,1.0,3.0,6,3,-0.2308,-1.4387
13981839,11,2025-10-05,Raków Częstochowa,35268,Motor Lublin,7915,2,0,Miejski Stadion Piłkarski Raków w Częstochowie,Czestochowa,Damian Kos,H,3.01,0.47,54,46,22,5,8,2,6.0,0.0,5.0,0.0,4,5,503,421,431,347,12,15,15,23,11,11,58,60,33,17,73,37,1.0,3.0,2,6,0.8425,0.3107
13981841,11,2025-10-05,Jagiellonia Białystok,7691,MKS Korona Kielce,5065,3,1,Chorten Arena,Bialystok,Tomasz Kwiatkowski,H,1.92,0.92,69,31,18,14,7,3,3.0,2.0,2.0,1.0,7,7,627,273,547,206,9,10,16,15,11,14,52,51,26,21,48,36,1.0,1.0,2,4,-0.433,-0.6802
13981843,11,2025-10-05,GKS Katowice,3112,Lech Poznań,3121,0,1,Arena Katowice,Katowice,Karol Arys,A,1.12,1.13,43,57,14,11,5,3,1.0,2.0,1.0,2.0,6,2,379,521,309,434,15,17,16,15,12,5,45,43,21,17,64,41,1.0,3.0,1,4,-0.0247,1.0903
13981844,11,2025-10-03,Pogoń Szczecin,3117,Piast Gliwice,7918,2,1,Stadion Miejski im. Floriana Krygiera,Szczecin,Damian Sylwestrzak,H,3.92,1.3,48,52,28,8,10,2,8.0,1.0,6.0,0.0,6,1,396,455,331,398,11,16,8,8,3,9,38,35,44,12,44,41,2.0,1.0,1,7,-0.0786,0.7566
13981840,12,2025-10-20,Wisła Płock,3122,Bruk-Bet Termalica Nieciecza,36851,3,1,Stadion im. Kazimierza Gorskiego,Plock,Jaroslaw Przybyl,H,1.75,0.91,55,45,20,14,7,2,3.0,2.0,1.0,2.0,6,5,491,395,432,328,6,9,14,9,8,5,47,40,36,25,54,46,0.0,1.0,2,4,-0.8709,-0.1095
13981842,12,2025-10-17,Motor Lublin,7915,GKS Katowice,3112,2,5,Arena Lublin,Lublin,Tomasz Kwiatkowski,A,1.6,2.41,51,49,18,15,6,4,2.0,5.0,0.0,1.0,10,2,387,400,314,326,10,14,13,21,9,12,46,53,29,32,49,50,2.0,3.0,0,2,-1.9186,-0.4994
13981845,12,2025-10-18,MKS Korona Kielce,5065,Górnik Zabrze,3110,1,1,Exbud Arena,Kielce,Szymon Marciniak,D,2.25,0.84,43,57,12,16,4,3,3.0,1.0,2.0,0.0,9,7,345,476,272,402,7,12,21,15,10,8,50,56,28,26,50,63,2.0,0.0,2,3,-0.212,0.8919
13981846,12,2025-10-19,Zagłębie Lubin,3113,Legia Warszawa,3106,3,1,KGHM Zagłębie Arena,Lubin,Patryk Gryckiewicz,H,2.54,0.97,35,65,16,12,5,2,5.0,2.0,3.0,2.0,3,4,306,582,231,504,17,13,14,8,14,3,53,46,21,28,44,74,2.0,1.0,2,1,-0.4914,-1.0385
13981847,12,2025-10-18,Cracovia,4901,Raków Częstochowa,35268,2,0,Marshal Jozef Pilsudski Stadium,Kraków,Damian Sylwestrzak,H,1.71,0.11,42,58,17,3,4,1,1.0,0.0,,,5,2,355,507,252,404,16,13,30,11,9,6,53,51,23,14,70,40,3.0,4.0,1,2,0.0256,-0.0273
13981849,12,2025-10-19,Lech Poznań,3121,Pogoń Szczecin,3117,2,2,Enea Poznań,Poznan,Wojciech Myc,D,2.61,1.74,66,34,26,16,12,6,3.0,3.0,1.0,2.0,9,4,503,261,425,198,6,12,10,11,5,11,48,42,37,25,68,53,1.0,0.0,4,10,-0.5881,1.7445
13981850,12,2025-10-18,Jagiellonia Białystok,7691,MZKS Arka Gdynia,5064,4,0,Chorten Arena,Bialystok,Karol Arys,H,2.79,0.7,55,45,19,8,8,1,6.0,2.0,3.0,2.0,3,5,469,366,394,302,8,10,14,15,8,13,43,36,26,24,40,37,1.0,1.0,1,4,0.2855,-0.2564
13981853,12,2025-10-17,Widzew Łódź,3115,Radomiak Radom,7295,3,2,Stadion Widzewa Łódź,Lodz,Paweł Raczkowski,H,2.54,2.05,48,52,18,19,6,6,6.0,2.0,4.0,0.0,2,4,326,347,254,281,13,15,13,13,9,5,44,41,29,26,33,52,1.0,2.0,4,3,0.1947,0.1455
14715700,12,2025-10-19,Piast Gliwice,7918,KS Lechia Gdańsk,7913,1,2,Stadion Miejski w Gliwicach,Gliwice,Bartosz Frankowski,A,1.31,1.06,62,38,16,9,3,3,0.0,2.0,0.0,1.0,9,6,529,317,448,237,9,4,18,17,11,11,59,51,22,19,62,48,2.0,3.0,1,2,-1.1645,0.0747
13981848,13,2025-10-26,Legia Warszawa,3106,Lech Poznań,3121,0,0,Stadion Wojska Polskiego w Warszawie,Warsaw,Piotr Lasyk,D,0.6,0.58,48,52,14,12,4,2,,,,,8,5,409,452,343,382,16,13,19,9,9,6,47,49,19,22,51,60,1.0,2.0,3,4,0.2078,0.4536
13981852,13,2025-10-25,MZKS Arka Gdynia,5064,Piast Gliwice,7918,2,1,Stadion GOSiR,Gdynia,Lukasz Kuzma,H,0.77,2.25,37,63,7,25,3,4,1.0,1.0,,,4,10,277,446,182,358,17,13,13,13,7,5,52,46,14,44,40,81,2.0,4.0,2,1,0.0536,-1.01
13981854,13,2025-10-24,Bruk-Bet Termalica Nieciecza,36851,Zagłębie Lubin,3113,1,1,Stadion Bruk-Bet,Nieciecza,Marcin Kochanek,D,1.5,1.0,54,46,14,13,3,6,1.0,3.0,0.0,2.0,7,5,406,340,332,270,9,12,12,13,6,10,38,41,25,21,56,41,3.0,1.0,5,2,1.6338,0.3751
13981855,13,2025-10-26,Górnik Zabrze,3110,Jagiellonia Białystok,7691,2,1,Stadion im. Ernesta Pohla,Zabrze,Bartosz Frankowski,H,2.86,1.09,41,59,22,15,6,3,2.0,3.0,2.0,2.0,5,4,413,596,364,530,8,6,15,18,8,7,61,54,35,26,40,51,0.0,1.0,2,5,-0.1604,-0.3291
13981856,13,2025-10-25,Pogoń Szczecin,3117,Cracovia,4901,2,1,Stadion Miejski im. Floriana Krygiera,Szczecin,Paweł Raczkowski,H,1.13,2.27,56,44,11,17,3,7,3.0,3.0,2.0,2.0,8,3,449,354,347,254,10,13,15,13,5,8,39,40,20,33,64,66,2.0,4.0,6,1,0.4894,-1.1772
13981857,13,2025-10-24,Motor Lublin,7915,Widzew Łódź,3115,3,0,Arena Lublin,Lublin,Mateusz Piszczelok,H,2.4,0.59,46,54,16,13,5,4,5.0,1.0,2.0,1.0,5,4,347,407,288,363,8,12,29,18,11,9,59,48,26,16,35,50,1.0,2.0,4,2,0.2944,-1.2248
13981858,13,2025-10-25,GKS Katowice,3112,MKS Korona Kielce,5065,1,0,Arena Katowice,Katowice,Sebastian Krasny,H,1.11,1.73,40,60,14,14,4,3,2.0,2.0,2.0,2.0,3,3,276,407,189,318,16,8,19,12,7,4,48,47,17,33,31,56,4.0,3.0,1,3,0.0384,0.1887
13981860,13,2025-10-26,Raków Częstochowa,35268,KS Lechia Gdańsk,7913,2,1,Miejski Stadion Piłkarski Raków w Częstochowie,Czestochowa,Piotr Rzucidlo,H,1.17,0.57,43,57,10,10,4,5,2.0,2.0,1.0,1.0,4,4,312,428,246,347,3,17,16,23,9,13,46,42,16,19,33,61,1.0,3.0,4,3,0.323,-0.769
14912737,13,2025-10-27,Radomiak Radom,7295,Wisła Płock,3122,1,1,Stadion im. Braci Czachorów,Radom,Karol Arys,D,1.68,1.07,55,45,19,8,2,3,1.0,1.0,1.0,0.0,4,5,427,344,363,278,16,13,6,5,5,4,41,40,19,12,42,47,1.0,1.0,2,1,-0.0969,0.0797
13981861,14,2025-11-03,Wisła Płock,3122,Pogoń Szczecin,3117,2,0,Stadion im. Kazimierza Gorskiego,Plock,Pawel Malec,H,1.27,1.56,32,68,15,22,5,9,1.0,2.0,1.0,2.0,6,8,280,628,197,554,5,7,10,10,10,6,52,53,19,39,50,66,1.0,1.0,9,2,0.7926,-1.0782
13981862,14,2025-11-03,KS Lechia Gdańsk,7913,Radomiak Radom,7295,1,2,Polsat Plus Arena Gdańsk,Gdansk,Marcin Szczerbowicz,A,1.4,1.37,47,53,14,11,4,5,3.0,2.0,2.0,1.0,8,4,338,404,257,321,11,12,18,17,13,9,59,47,30,19,60,42,2.0,4.0,3,3,-0.3904,-0.1229
13981863,14,2025-11-02,Górnik Zabrze,3110,MZKS Arka Gdynia,5064,5,1,Stadion im. Ernesta Pohla,Zabrze,Tomasz Kwiatkowski,H,2.61,0.76,53,47,29,8,11,2,2.0,1.0,1.0,0.0,10,2,399,355,347,298,9,10,9,12,7,4,34,27,30,8,35,33,1.0,3.0,1,6,-0.6122,-0.3969
13981864,14,2025-10-31,Bruk-Bet Termalica Nieciecza,36851,GKS Katowice,3112,0,3,Stadion Bruk-Bet,Nieciecza,Tomasz Marciniak,A,1.65,2.48,66,34,18,11,7,7,5.0,3.0,5.0,1.0,7,2,507,277,425,201,13,18,8,17,13,6,45,47,27,18,64,37,1.0,2.0,4,6,-0.2442,1.1124
13981865,14,2025-11-03,Cracovia,4901,Zagłębie Lubin,3113,0,0,Marshal Jozef Pilsudski Stadium,Kraków,Karol Arys,D,1.3,0.22,68,32,14,8,3,3,2.0,0.0,2.0,0.0,2,0,644,299,544,201,11,11,16,22,10,14,62,57,24,14,82,52,,,3,3,0.2326,1.6791
13981866,14,2025-11-02,Lech Poznań,3121,Motor Lublin,7915,2,2,Enea Poznań,Poznan,Sebastian Krasny,D,1.17,0.89,59,41,19,8,4,2,0.0,1.0,,,6,2,563,383,475,314,10,15,13,21,11,12,54,54,45,16,96,26,2.0,1.0,1,1,-1.3421,-0.6201
13981867,14,2025-11-02,Jagiellonia Białystok,7691,Raków Częstochowa,35268,1,2,Chorten Arena,Bialystok,Paweł Raczkowski,A,2.03,1.21,67,33,26,11,6,5,3.0,1.0,2.0,0.0,5,4,502,248,420,178,19,17,15,12,2,14,49,47,38,30,68,47,5.0,2.0,3,5,-0.1091,0.6741
13981869,14,2025-11-02,Widzew Łódź,3115,Legia Warszawa,3106,1,1,Stadion Widzewa Łódź,Lodz,Patryk Gryckiewicz,D,1.4,1.74,42,58,10,20,3,3,2.0,3.0,1.0,3.0,3,8,329,442,274,391,10,13,18,18,7,7,39,33,21,42,32,71,3.0,3.0,3,2,0.0111,0.0468
13981872,14,2025-10-31,Piast Gliwice,7918,MKS Korona Kielce,5065,0,0,Stadion Miejski w Gliwicach,Gliwice,Damian Kos,D,0.59,1.23,49,51,10,20,2,4,,,,,7,9,385,410,289,320,13,8,17,14,13,8,50,61,26,26,52,58,2.0,1.0,4,2,0.7766,0.1229
13981868,15,2025-11-09,Legia Warszawa,3106,Bruk-Bet Termalica Nieciecza,36851,1,2,Stadion Wojska Polskiego w Warszawie,Warsaw,Karol Arys,A,0.95,1.3,70,30,23,13,7,7,2.0,4.0,2.0,2.0,11,2,618,267,530,190,13,17,19,20,7,8,50,50,37,9,80,37,1.0,3.0,4,6,-0.1216,0.1817
13981870,15,2025-11-08,KS Lechia Gdańsk,7913,Widzew Łódź,3115,2,1,Polsat Plus Arena Gdańsk,Gdansk,Wojciech Myc,H,1.17,1.45,52,48,14,9,3,3,4.0,2.0,2.0,1.0,5,3,396,382,331,302,14,11,25,16,5,4,43,44,42,18,51,47,2.0,4.0,1,1,-0.3396,-1.2427
13981871,15,2025-11-08,Motor Lublin,7915,Wisła Płock,3122,1,1,Arena Lublin,Lublin,Damian Sylwestrzak,D,3.07,0.86,64,36,14,10,4,2,6.0,2.0,5.0,1.0,5,1,542,298,475,230,18,14,11,12,0,9,49,43,28,15,58,42,3.0,6.0,1,3,-0.2216,0.8101
13981873,15,2025-11-09,MZKS Arka Gdynia,5064,Lech Poznań,3121,3,1,Stadion GOSiR,Gdynia,Patryk Gryckiewicz,H,2.08,2.04,44,56,19,13,7,6,3.0,3.0,1.0,2.0,3,3,354,457,305,385,19,16,16,16,9,4,48,29,33,30,53,39,3.0,3.0,5,4,1.3872,-0.4875
13981874,15,2025-11-07,Zagłębie Lubin,3113,Górnik Zabrze,3110,2,0,KGHM Zagłębie Arena,Lubin,Damian Kos,H,1.1,0.95,30,70,6,15,3,2,3.0,1.0,2.0,1.0,1,12,221,505,142,420,12,12,26,17,19,6,56,54,18,37,39,55,5.0,1.0,2,1,0.3981,-1.272
13981875,15,2025-11-07,Radomiak Radom,7295,Cracovia,4901,3,0,Stadion im. Braci Czachorów,Radom,Jaroslaw Przybyl,H,1.89,0.52,51,49,12,5,8,2,4.0,1.0,1.0,1.0,5,3,459,437,388,357,12,17,13,21,9,7,51,49,17,12,49,54,2.0,3.0,1,5,0.5427,-0.5053
13981876,15,2025-11-09,Pogoń Szczecin,3117,Jagiellonia Białystok,7691,1,2,Stadion Miejski im. Floriana Krygiera,Szczecin,Piotr Lasyk,A,3.69,1.45,39,61,33,11,9,5,5.0,2.0,5.0,1.0,10,1,312,513,220,435,9,9,12,11,13,11,39,45,69,14,50,51,2.0,1.0,3,8,-0.3274,2.7839
13981877,15,2025-11-09,MKS Korona Kielce,5065,Raków Częstochowa,35268,1,4,Exbud Arena,Kielce,Lukasz Kuzma,A,1.23,3.09,49,51,12,7,2,5,2.0,6.0,1.0,2.0,5,0,421,451,321,361,15,9,14,21,12,5,55,53,23,13,71,36,4.0,2.0,1,1,-1.1786,-0.3856
13981879,15,2025-11-08,GKS Katowice,3112,Piast Gliwice,7918,1,3,Arena Katowice,Katowice,Paweł Raczkowski,A,0.88,1.58,54,46,9,17,3,6,2.0,1.0,1.0,0.0,3,3,465,400,375,308,10,16,13,8,5,9,48,44,16,29,66,52,2.0,2.0,5,2,-1.3219,-0.0237
13981878,16,2025-11-21,Bruk-Bet Termalica Nieciecza,36851,MZKS Arka Gdynia,5064,2,0,Stadion Bruk-Bet,Nieciecza,Jaroslaw Przybyl,H,0.76,0.82,51,49,7,11,4,2,2.0,0.0,1.0,0.0,1,2,415,397,320,316,12,20,16,14,7,6,41,44,16,25,47,49,3.0,4.0,1,2,0.3873,-0.3724
13981880,16,2025-11-22,Legia Warszawa,3106,KS Lechia Gdańsk,7913,2,2,Stadion Wojska Polskiego w Warszawie,Warsaw,Pawel Malec,D,0.82,1.89,53,47,13,17,3,5,1.0,3.0,0.0,2.0,6,2,464,413,362,313,12,2,19,24,10,12,62,62,21,26,55,43,4.0,0.0,3,1,0.0556,-1.2139
13981881,16,2025-11-21,Górnik Zabrze,3110,Wisła Płock,3122,1,1,Stadion im. Ernesta Pohla,Zabrze,Karol Arys,D,1.51,0.94,59,41,17,7,3,1,2.0,2.0,1.0,1.0,4,1,492,353,425,281,12,10,14,16,8,12,52,46,24,17,52,42,1.0,3.0,0,2,-0.0553,0.1232
13981882,16,2025-11-24,Pogoń Szczecin,3117,Zagłębie Lubin,3113,5,1,Stadion Miejski im. Floriana Krygiera,Szczecin,Lukasz Kuzma,H,2.41,1.19,51,49,14,14,6,5,5.0,3.0,2.0,2.0,4,2,361,335,271,235,13,9,11,10,4,7,41,40,21,19,45,57,2.0,1.0,4,0,0.4967,-2.4917
13981883,16,2025-11-22,Cracovia,4901,Motor Lublin,7915,1,2,Marshal Jozef Pilsudski Stadium,Kraków,Szymon Marciniak,A,0.43,0.32,57,43,8,6,2,5,0.0,1.0,,,4,7,538,396,454,311,16,15,14,14,12,8,55,52,13,17,60,44,3.0,1.0,3,1,-0.5713,-0.7284
13981885,16,2025-11-23,Lech Poznań,3121,Radomiak Radom,7295,4,1,Enea Poznań,Poznan,Piotr Lasyk,H,3.11,1.85,53,47,14,23,5,5,6.0,3.0,2.0,2.0,5,5,497,440,422,384,8,14,12,16,5,10,43,49,24,31,55,33,0.0,2.0,4,1,0.6658,-1.2027
13981886,16,2025-11-23,Widzew Łódź,3115,MKS Korona Kielce,5065,1,3,Stadion Widzewa Łódź,Lodz,Paweł Raczkowski,A,1.45,2.2,56,44,23,13,5,5,2.0,3.0,1.0,1.0,5,4,390,297,314,227,9,9,8,12,10,7,54,50,23,21,53,45,6.0,4.0,1,4,-1.2074,0.5118
13981889,16,2025-11-22,Raków Częstochowa,35268,Piast Gliwice,7918,1,3,Miejski Stadion Piłkarski Raków w Częstochowie,Czestochowa,Tomasz Kwiatkowski,A,1.04,2.05,58,42,12,13,3,5,4.0,2.0,3.0,0.0,3,2,515,369,413,277,5,11,10,18,5,19,62,68,20,20,63,45,0.0,2.0,2,2,-0.3368,-0.1526
15645068,16,2026-03-17,Jagiellonia Białystok,7691,GKS Katowice,3112,2,1,Chorten Arena,Bialystok,Marcin Szczerbowicz,H,1.51,0.81,51,49,18,13,5,4,2.0,0.0,1.0,0.0,5,1,452,424,368,352,15,16,19,8,11,9,53,40,34,21,44,52,5.0,2.0,3,2,-0.6985,-0.2727
13981888,17,2025-11-30,MZKS Arka Gdynia,5064,Raków Częstochowa,35268,1,4,Stadion GOSiR,Gdynia,Karol Arys,A,0.67,1.7,37,63,6,17,2,6,1.0,2.0,1.0,1.0,3,4,297,504,222,445,12,15,13,12,5,8,45,38,8,19,44,43,1.0,3.0,2,1,-1.8543,-0.4689
13981890,17,2025-12-01,Motor Lublin,7915,Legia Warszawa,3106,1,1,Arena Lublin,Lublin,Piotr Lasyk,D,0.85,2.39,49,51,4,14,1,4,1.0,3.0,0.0,2.0,5,1,418,443,342,376,9,22,26,19,13,7,47,50,12,20,30,64,0.0,3.0,2,1,0.2092,-0.0745
13981891,17,2025-11-30,Wisła Płock,3122,Lech Poznań,3121,0,0,Stadion im. Kazimierza Gorskiego,Plock,Wojciech Myc,D,0.66,1.78,31,69,8,25,2,2,0.0,3.0,0.0,3.0,2,15,300,654,234,582,8,13,12,9,13,7,56,58,8,41,34,115,0.0,1.0,2,2,0.1203,0.2783
13981892,17,2025-11-30,Zagłębie Lubin,3113,Jagiellonia Białystok,7691,0,0,KGHM Zagłębie Arena,Lubin,Szymon Marciniak,D,1.16,0.84,27,73,9,19,4,4,1.0,1.0,1.0,1.0,2,6,224,632,135,537,17,18,11,22,14,6,45,52,16,27,30,67,2.0,3.0,4,4,0.4773,1.1102
13981893,17,2025-11-29,KS Lechia Gdańsk,7913,Bruk-Bet Termalica Nieciecza,36851,5,1,Polsat Plus Arena Gdańsk,Gdansk,Mateusz Piszczelok,H,3.15,0.99,55,45,16,4,10,3,5.0,2.0,1.0,1.0,4,2,513,421,443,338,14,9,22,15,6,13,64,61,37,18,53,43,1.0,2.0,2,4,0.4705,-0.1818
13981894,17,2025-11-29,MKS Korona Kielce,5065,Cracovia,4901,0,1,Exbud Arena,Kielce,Patryk Gryckiewicz,A,1.77,1.06,53,47,16,11,4,3,1.0,1.0,1.0,0.0,5,4,407,373,312,277,16,15,14,14,7,13,48,42,36,17,63,44,0.0,3.0,2,4,0.3055,1.2338
13981895,17,2025-11-28,Piast Gliwice,7918,Widzew Łódź,3115,0,2,Stadion Miejski w Gliwicach,Gliwice,Jaroslaw Przybyl,A,1.18,2.61,68,32,25,10,3,4,1.0,4.0,1.0,2.0,10,4,581,273,479,188,8,11,13,13,7,8,51,50,45,14,70,44,1.0,3.0,2,3,0.4971,0.5623
13981896,17,2025-11-29,GKS Katowice,3112,Pogoń Szczecin,3117,2,0,Arena Katowice,Katowice,Sebastian Krasny,H,1.42,1.45,23,77,9,27,5,3,2.0,2.0,0.0,2.0,3,7,204,678,129,573,17,10,18,10,10,4,45,51,13,50,31,93,,,3,3,0.5293,0.368
13981898,17,2025-11-28,Radomiak Radom,7295,Górnik Zabrze,3110,4,0,Stadion im. Braci Czachorów,Radom,Damian Sylwestrzak,H,2.02,0.38,48,52,19,9,8,2,3.0,0.0,1.0,0.0,4,0,433,469,376,409,19,11,18,11,8,7,45,40,21,13,26,54,3.0,2.0,2,4,0.0524,-0.9294
13981897,18,2025-12-05,KS Lechia Gdańsk,7913,Górnik Zabrze,3110,5,2,Polsat Plus Arena Gdańsk,Gdansk,Pawel Malec,H,1.35,1.77,40,60,10,15,5,3,3.0,2.0,,,3,6,252,369,180,297,14,4,14,13,9,6,38,39,24,30,43,43,5.0,1.0,1,0,-0.0262,-2.134
13981899,18,2025-12-07,Raków Częstochowa,35268,GKS Katowice,3112,1,0,Miejski Stadion Piłkarski Raków w Częstochowie,Czestochowa,Tomasz Kwiatkowski,H,1.46,0.95,48,52,19,10,3,0,2.0,1.0,1.0,1.0,5,0,355,400,263,305,9,11,13,12,11,5,52,48,36,19,47,56,2.0,0.0,0,2,0.0,-0.1808
13981900,18,2025-12-06,MZKS Arka Gdynia,5064,Motor Lublin,7915,1,0,Stadion GOSiR,Gdynia,Paweł Raczkowski,H,2.27,0.9,40,60,17,13,7,2,5.0,1.0,4.0,1.0,6,5,278,443,217,371,13,18,11,13,8,12,46,49,31,23,48,49,2.0,3.0,2,6,0.7795,1.1729
13981901,18,2025-12-08,MKS Korona Kielce,5065,Wisła Płock,3122,1,1,Exbud Arena,Kielce,Damian Kos,D,1.44,0.42,56,44,17,9,3,4,2.0,1.0,2.0,0.0,4,4,441,360,366,280,13,9,8,17,5,7,45,46,32,12,75,36,1.0,1.0,3,2,-0.0274,-0.0886
13981902,18,2025-12-07,Bruk-Bet Termalica Nieciecza,36851,Jagiellonia Białystok,7691,2,1,Stadion Bruk-Bet,Nieciecza,Jaroslaw Przybyl,H,0.76,0.69,27,73,6,17,1,7,2.0,1.0,1.0,1.0,2,10,239,668,168,591,18,10,18,13,7,6,52,49,11,28,43,84,1.0,2.0,6,0,0.5119,-1.4287
13981903,18,2025-12-06,Piast Gliwice,7918,Legia Warszawa,3106,2,0,Stadion Miejski w Gliwicach,Gliwice,Lukasz Kuzma,H,1.51,1.6,50,50,13,14,6,7,2.0,2.0,1.0,2.0,5,2,297,314,188,192,13,19,19,26,7,6,48,45,25,18,58,65,2.0,4.0,7,3,1.6842,0.3275
13981904,18,2025-12-06,Pogoń Szczecin,3117,Radomiak Radom,7295,2,2,Stadion Miejski im. Floriana Krygiera,Szczecin,Piotr Lasyk,D,2.23,0.77,44,56,15,10,4,5,7.0,2.0,5.0,1.0,9,7,299,403,226,328,17,15,13,14,9,7,34,34,35,11,59,36,5.0,2.0,3,2,-0.3523,0.0181
13981905,18,2025-12-07,Cracovia,4901,Lech Poznań,3121,2,2,Marshal Jozef Pilsudski Stadium,Kraków,Damian Sylwestrzak,D,2.06,1.33,62,38,16,9,7,6,5.0,2.0,4.0,1.0,7,5,520,329,454,256,20,9,8,7,5,1,46,33,38,13,67,29,3.0,4.0,4,4,-0.2326,-0.4657
13981906,18,2025-12-06,Zagłębie Lubin,3113,Widzew Łódź,3115,2,1,KGHM Zagłębie Arena,Lubin,Tomasz Marciniak,H,0.87,0.98,50,50,15,14,6,6,0.0,2.0,0.0,1.0,4,3,381,392,282,316,6,17,18,15,16,7,45,47,30,17,71,41,2.0,6.0,5,4,0.5262,-0.6221
13981907,19,2026-02-01,Wisła Płock,3122,Raków Częstochowa,35268,2,1,Stadion im. Kazimierza Gorskiego,Plock,Tomasz Kwiatkowski,H,1.81,2.82,33,67,13,22,5,11,4.0,4.0,3.0,3.0,3,8,278,553,197,489,10,9,20,14,9,8,47,45,23,41,28,92,3.0,1.0,10,4,2.3157,-0.3945
13981908,19,2026-02-02,Bruk-Bet Termalica Nieciecza,36851,Cracovia,4901,0,1,Stadion Bruk-Bet,Nieciecza,Damian Kos,A,0.73,1.76,39,61,11,15,1,4,1.0,3.0,1.0,2.0,4,7,336,534,238,445,17,12,18,17,10,12,48,46,18,19,49,55,,,3,1,0.3516,0.0987
13981909,19,2026-02-01,Legia Warszawa,3106,MKS Korona Kielce,5065,1,2,Stadion Wojska Polskiego w Warszawie,Warsaw,Patryk Gryckiewicz,A,2.3,1.74,64,36,17,15,8,3,3.0,5.0,2.0,3.0,5,3,516,296,417,202,12,9,19,26,10,12,54,69,52,30,66,45,,,1,7,-0.5584,2.2636
13981910,19,2026-01-31,Górnik Zabrze,3110,Piast Gliwice,7918,2,1,Stadion im. Ernesta Pohla,Zabrze,Piotr Lasyk,H,1.79,0.98,48,52,18,9,8,1,2.0,2.0,1.0,1.0,3,2,377,406,298,338,9,20,9,6,5,7,43,41,30,16,54,51,1.0,0.0,0,6,-0.8981,0.7241
13981911,19,2026-02-01,Motor Lublin,7915,Pogoń Szczecin,3117,2,1,Arena Lublin,Lublin,Lukasz Kuzma,H,2.15,1.81,40,60,12,17,7,4,5.0,2.0,3.0,2.0,3,6,346,507,270,427,16,8,23,9,4,7,43,43,24,36,33,85,2.0,3.0,3,5,1.006,1.3294
13981913,19,2026-01-30,Zagłębie Lubin,3113,GKS Katowice,3112,0,2,KGHM Zagłębie Arena,Lubin,Bartosz Frankowski,A,0.77,0.72,49,51,11,16,1,7,2.0,0.0,2.0,0.0,1,4,351,378,242,286,12,15,16,11,12,6,55,47,23,27,45,49,0.0,4.0,5,1,-1.0541,0.0214
13981914,19,2026-01-31,Lech Poznań,3121,KS Lechia Gdańsk,7913,1,3,Enea Poznań,Poznan,Karol Arys,A,2.65,1.07,72,28,28,12,5,8,4.0,2.0,3.0,2.0,7,3,679,262,587,186,14,14,11,16,2,13,51,64,68,16,61,39,1.0,2.0,6,4,-1.3005,1.0832
13981916,19,2026-01-31,Widzew Łódź,3115,Jagiellonia Białystok,7691,1,3,Stadion Widzewa Łódź,Lodz,Paweł Raczkowski,A,1.68,1.23,54,46,17,5,3,3,2.0,2.0,1.0,1.0,5,2,411,354,305,244,16,16,16,23,10,11,48,48,27,13,64,43,4.0,3.0,0,2,-1.3262,0.1197
15615380,19,2026-03-05,Radomiak Radom,7295,MZKS Arka Gdynia,5064,3,1,Stadion im. Braci Czachorów,Radom,Jaroslaw Przybyl,H,1.21,1.27,48,52,12,14,5,8,2.0,3.0,1.0,2.0,3,7,342,365,263,276,23,18,12,8,6,9,41,38,22,28,41,35,3.0,3.0,7,2,1.6406,-1.8847
13981915,20,2026-02-07,MZKS Arka Gdynia,5064,Legia Warszawa,3106,2,2,Stadion GOSiR,Gdynia,Wojciech Myc,D,0.93,1.61,44,56,3,14,2,7,1.0,3.0,0.0,1.0,3,7,350,448,255,359,11,15,16,10,6,9,50,47,10,23,41,52,1.0,5.0,5,0,0.4562,-0.4933
13981917,20,2026-02-06,KS Lechia Gdańsk,7913,Cracovia,4901,1,1,Polsat Plus Arena Gdańsk,Gdansk,Tomasz Kwiatkowski,D,1.17,1.69,61,39,19,9,6,5,1.0,3.0,1.0,2.0,10,5,413,264,337,190,18,13,12,12,7,7,45,49,41,17,66,39,1.0,4.0,4,5,0.4921,-0.3707
13981918,20,2026-02-07,Górnik Zabrze,3110,Lech Poznań,3121,0,1,Stadion im. Ernesta Pohla,Zabrze,Damian Sylwestrzak,A,1.27,1.47,52,48,17,13,4,4,2.0,2.0,2.0,1.0,7,3,427,421,368,345,12,21,19,8,13,7,44,50,29,18,43,45,1.0,3.0,2,4,0.4831,0.4299
13981919,20,2026-02-08,Pogoń Szczecin,3117,Bruk-Bet Termalica Nieciecza,36851,1,1,Stadion Miejski im. Floriana Krygiera,Szczecin,Mateusz Piszczelok,D,1.28,1.38,57,43,17,20,6,8,2.0,2.0,2.0,1.0,7,5,434,335,330,234,11,13,15,15,15,18,59,53,24,30,51,55,3.0,2.0,7,5,0.6983,0.0879
13981920,20,2026-02-06,MKS Korona Kielce,5065,Zagłębie Lubin,3113,1,2,Exbud Arena,Kielce,Piotr Rzucidlo,A,2.25,1.42,61,39,20,10,5,3,2.0,1.0,1.0,0.0,4,4,428,272,350,192,12,16,10,15,3,7,38,39,42,27,51,40,1.0,0.0,2,4,-0.7174,0.9942
13981921,20,2026-02-08,GKS Katowice,3112,Widzew Łódź,3115,1,0,Arena Katowice,Katowice,Damian Kos,H,0.56,0.37,29,71,8,9,4,1,1.0,1.0,0.0,1.0,3,7,223,544,130,429,17,11,26,23,10,10,57,61,16,15,46,67,4.0,1.0,1,3,0.2507,0.0491
13981922,20,2026-02-09,Piast Gliwice,7918,Wisła Płock,3122,1,0,Stadion Miejski w Gliwicach,Gliwice,Karol Arys,H,1.08,1.43,59,41,16,8,3,3,2.0,4.0,2.0,4.0,7,2,544,377,467,291,7,8,14,11,7,9,45,47,31,20,77,50,2.0,1.0,2,2,0.2079,-0.5207
13981926,20,2026-02-07,Jagiellonia Białystok,7691,Motor Lublin,7915,4,1,Chorten Arena,Bialystok,Patryk Gryckiewicz,H,3.0,1.79,54,46,23,13,12,5,9.0,3.0,6.0,2.0,7,7,417,354,345,274,11,16,25,19,7,12,46,48,43,22,55,39,2.0,1.0,4,7,0.7897,-0.8695
13981928,20,2026-02-08,Raków Częstochowa,35268,Radomiak Radom,7295,0,0,Miejski Stadion Piłkarski Raków w Częstochowie,Czestochowa,Lukasz Kuzma,D,1.83,0.82,50,50,16,11,5,1,3.0,1.0,3.0,1.0,3,2,417,422,334,328,12,13,20,16,14,7,43,43,29,16,54,56,1.0,1.0,1,5,0.4331,0.652
13981923,21,2026-02-16,Bruk-Bet Termalica Nieciecza,36851,Górnik Zabrze,3110,1,1,Stadion Bruk-Bet,Nieciecza,Pawel Malec,D,1.19,1.17,30,70,12,22,3,3,2.0,1.0,1.0,1.0,2,10,247,599,166,511,12,9,8,13,10,9,48,56,21,45,41,66,1.0,0.0,3,2,-0.6321,0.7371
13981924,21,2026-02-14,Wisła Płock,3122,Widzew Łódź,3115,0,2,Orlen Arena,Plock,Patryk Gryckiewicz,A,0.97,2.3,49,51,10,15,1,4,1.0,4.0,1.0,2.0,5,2,374,386,294,316,16,12,18,16,10,8,33,32,24,31,63,55,4.0,4.0,2,1,-0.3624,0.0554
13981925,21,2026-02-15,Motor Lublin,7915,KS Lechia Gdańsk,7913,2,3,Arena Lublin,Lublin,Paweł Raczkowski,A,0.43,3.13,59,41,7,15,3,9,0.0,5.0,0.0,3.0,2,2,414,298,313,195,9,11,10,19,7,13,59,56,27,35,63,52,3.0,7.0,5,2,0.1999,-1.6591
13981927,21,2026-02-15,Pogoń Szczecin,3117,MZKS Arka Gdynia,5064,1,0,Stadion Miejski im. Floriana Krygiera,Szczecin,Bartosz Frankowski,H,1.78,0.36,56,44,20,11,4,1,2.0,1.0,1.0,1.0,8,7,419,332,343,259,15,15,12,11,6,7,41,39,36,16,58,42,3.0,4.0,1,3,0.0089,0.476
13981929,21,2026-02-14,Zagłębie Lubin,3113,Raków Częstochowa,35268,0,0,KGHM Zagłębie Arena,Lubin,Marcin Szczerbowicz,D,0.21,1.52,35,65,8,19,2,9,0.0,3.0,0.0,3.0,2,8,258,477,167,379,17,16,13,13,12,4,52,58,10,33,40,60,3.0,3.0,8,2,1.4257,0.2471
13981930,21,2026-02-13,Radomiak Radom,7295,MKS Korona Kielce,5065,0,2,Stadion im. Braci Czachorów,Radom,Daniel Stefanski,A,1.74,0.35,73,27,24,4,6,2,2.0,2.0,2.0,0.0,12,1,532,199,438,110,10,19,19,21,10,10,52,49,57,9,68,48,2.0,4.0,0,6,-0.6529,1.5291
13981931,21,2026-02-15,Lech Poznań,3121,Piast Gliwice,7918,3,0,Enea Poznań,Poznan,Wojciech Myc,H,2.8,0.94,48,52,19,15,10,7,7.0,2.0,7.0,2.0,7,6,435,467,358,387,15,7,19,16,9,5,56,47,36,33,45,54,0.0,2.0,6,6,0.7068,0.8263
13981933,21,2026-02-14,Cracovia,4901,Jagiellonia Białystok,7691,0,0,Marshal Jozef Pilsudski Stadium,Kraków,Piotr Lasyk,D,1.4,0.86,43,57,12,17,3,4,2.0,1.0,2.0,1.0,4,6,321,428,252,353,11,19,18,18,6,4,40,40,12,24,29,60,3.0,4.0,4,3,0.7064,0.6528
13981935,21,2026-02-13,GKS Katowice,3112,Legia Warszawa,3106,1,1,Arena Katowice,Katowice,Damian Sylwestrzak,D,1.88,0.69,45,55,13,11,2,4,4.0,3.0,3.0,2.0,6,7,335,409,257,314,15,11,11,12,10,11,50,44,31,19,43,54,2.0,3.0,3,1,-0.34,0.4198
13981932,22,2026-02-21,Legia Warszawa,3106,Wisła Płock,3122,2,1,Stadion Wojska Polskiego w Warszawie,Warsaw,Jaroslaw Przybyl,H,0.7,1.02,43,57,7,14,4,4,2.0,2.0,0.0,1.0,1,4,401,529,337,456,11,8,12,16,7,2,49,53,20,26,57,53,1.0,1.0,3,2,0.9396,-0.7696
13981934,22,2026-02-21,Górnik Zabrze,3110,Pogoń Szczecin,3117,0,1,Stadion im. Ernesta Pohla,Zabrze,Wojciech Myc,A,0.34,1.14,47,53,11,7,2,2,0.0,1.0,,,4,5,407,466,345,396,12,18,9,8,9,7,35,29,19,14,47,52,3.0,5.0,1,2,-0.3453,0.5539
13981936,22,2026-02-23,KS Lechia Gdańsk,7913,Zagłębie Lubin,3113,0,2,Polsat Plus Arena Gdańsk,Gdansk,Sebastian Krasny,A,1.18,1.17,70,30,18,11,7,5,1.0,2.0,1.0,1.0,11,2,493,224,396,131,11,15,12,9,4,9,56,58,47,16,87,43,2.0,4.0,3,6,-0.7049,0.5902
13981937,22,2026-02-22,MZKS Arka Gdynia,5064,GKS Katowice,3112,2,1,Stadion GOSiR,Gdynia,Pawel Malec,H,1.48,1.03,44,56,12,11,6,5,4.0,1.0,2.0,0.0,5,4,295,382,206,271,10,15,10,9,12,5,47,43,19,23,51,66,4.0,2.0,4,4,0.396,0.2787
13981938,22,2026-02-22,MKS Korona Kielce,5065,Lech Poznań,3121,1,2,Exbud Arena,Kielce,Piotr Lasyk,A,0.3,1.59,42,58,7,11,1,4,0.0,3.0,0.0,1.0,1,5,374,519,307,433,12,16,11,17,8,2,51,50,8,24,45,59,1.0,1.0,2,0,-0.1314,-0.8691
13981939,22,2026-02-22,Jagiellonia Białystok,7691,Radomiak Radom,7295,1,1,Chorten Arena,Bialystok,Damian Sylwestrzak,D,2.35,0.91,63,37,21,9,3,2,3.0,1.0,2.0,1.0,9,3,507,299,421,226,18,16,20,18,6,9,55,34,50,19,57,39,3.0,5.0,1,2,-0.3386,-0.1376
13981940,22,2026-02-21,Raków Częstochowa,35268,Bruk-Bet Termalica Nieciecza,36851,1,0,Miejski Stadion Piłkarski Raków w Częstochowie,Czestochowa,Paweł Raczkowski,H,2.03,1.12,55,45,9,20,4,5,2.0,2.0,2.0,2.0,4,6,414,338,320,235,10,15,17,18,8,8,51,55,23,28,50,52,0.0,3.0,5,4,0.8904,-0.3934
13981941,22,2026-02-20,Widzew Łódź,3115,Cracovia,4901,0,0,Stadion Widzewa Łódź,Lodz,Daniel Stefanski,D,0.97,0.81,41,59,14,12,4,1,1.0,1.0,1.0,1.0,9,3,304,457,217,351,21,13,22,15,10,11,53,55,23,16,50,39,5.0,4.0,1,4,0.0105,0.882
13981942,22,2026-02-20,Piast Gliwice,7918,Motor Lublin,7915,1,2,Stadion Miejski w Gliwicach,Gliwice,Tomasz Kwiatkowski,A,1.9,1.07,60,40,18,9,4,6,2.0,1.0,2.0,1.0,6,3,547,372,472,290,11,16,8,15,2,9,54,49,43,16,75,36,3.0,1.0,4,3,0.3808,-0.0829
13981943,23,2026-02-27,MZKS Arka Gdynia,5064,KS Lechia Gdańsk,7913,2,2,Stadion GOSiR,Gdynia,Paweł Raczkowski,D,1.2,2.4,51,49,11,14,3,7,1.0,8.0,1.0,8.0,4,1,305,295,191,174,9,13,10,14,6,2,36,46,21,30,57,73,0.0,1.0,4,2,0.3968,-0.9459
13981944,23,2026-03-02,Zagłębie Lubin,3113,Wisła Płock,3122,2,0,KGHM Zagłębie Arena,Lubin,Mateusz Piszczelok,H,1.59,1.25,34,66,11,20,4,4,2.0,0.0,,,1,5,265,502,186,418,10,5,15,20,14,5,43,43,24,34,39,71,1.0,1.0,4,2,1.1315,0.0151
13981945,23,2026-03-01,Bruk-Bet Termalica Nieciecza,36851,Radomiak Radom,7295,1,1,Stadion Bruk-Bet,Nieciecza,Lukasz Kuzma,D,1.25,1.51,37,63,20,16,3,4,1.0,5.0,1.0,4.0,8,9,260,460,193,374,18,8,20,14,9,5,44,40,28,30,42,47,2.0,1.0,3,2,0.6295,-0.3089
13981946,23,2026-02-28,Motor Lublin,7915,MKS Korona Kielce,5065,2,0,Arena Lublin,Lublin,Damian Kos,H,1.51,1.68,49,51,12,22,4,4,4.0,3.0,2.0,3.0,2,10,349,341,274,257,14,15,20,16,5,7,58,54,22,39,41,52,4.0,1.0,4,2,1.6034,-0.7197
13981947,23,2026-02-28,Pogoń Szczecin,3117,Widzew Łódź,3115,1,0,Stadion Miejski im. Floriana Krygiera,Szczecin,Piotr Lasyk,H,0.7,0.84,40,60,9,8,3,2,2.0,3.0,1.0,3.0,2,2,310,461,230,381,9,13,11,12,7,4,39,42,15,21,57,70,3.0,2.0,2,2,0.4914,-0.1406
13981948,23,2026-02-27,Cracovia,4901,Piast Gliwice,7918,2,3,Marshal Jozef Pilsudski Stadium,Kraków,Marcin Szczerbowicz,A,1.2,1.8,48,52,10,9,4,5,3.0,3.0,2.0,1.0,2,1,385,405,295,312,15,11,12,7,12,4,45,45,13,28,56,53,3.0,1.0,2,2,-0.6194,-0.4398
13981949,23,2026-02-28,GKS Katowice,3112,Górnik Zabrze,3110,3,1,Arena Katowice,Katowice,Patryk Gryckiewicz,H,2.95,1.86,42,58,16,15,6,5,4.0,3.0,2.0,2.0,3,3,323,445,243,357,11,11,16,18,8,13,47,49,30,44,54,53,3.0,1.0,4,3,0.4372,0.0425
13981954,23,2026-03-01,Lech Poznań,3121,Raków Częstochowa,35268,4,3,Enea Poznań,Poznan,Bartosz Frankowski,H,2.66,2.61,54,46,24,15,11,7,4.0,3.0,0.0,1.0,6,2,371,323,292,249,18,12,14,10,7,7,42,45,29,23,56,40,4.0,1.0,4,8,0.2718,0.9434
13981955,23,2026-03-01,Jagiellonia Białystok,7691,Legia Warszawa,3106,2,2,Chorten Arena,Bialystok,Karol Arys,D,1.75,1.03,58,42,10,17,5,1,2.0,1.0,1.0,1.0,4,7,462,328,373,250,14,14,15,15,4,9,52,52,28,33,50,74,1.0,0.0,1,3,-1.9815,0.2914
13981950,24,2026-03-09,Wisła Płock,3122,MZKS Arka Gdynia,5064,0,3,Stadion im. Kazimierza Gorskiego,Plock,Lukasz Kuzma,A,1.21,3.08,51,49,15,15,1,5,1.0,6.0,1.0,3.0,6,2,409,410,322,330,9,11,16,11,5,9,43,45,24,25,51,53,2.0,1.0,2,1,0.4519,0.0512
13981951,24,2026-03-08,Legia Warszawa,3106,Cracovia,4901,1,0,Stadion Wojska Polskiego w Warszawie,Warsaw,Patryk Gryckiewicz,H,0.77,0.55,41,59,14,11,4,3,1.0,1.0,0.0,1.0,4,3,364,524,267,422,19,15,25,16,11,5,44,50,21,14,52,77,1.0,3.0,3,3,0.4917,0.5211
13981952,24,2026-03-08,Motor Lublin,7915,Górnik Zabrze,3110,0,0,Arena Lublin,Lublin,Bartosz Frankowski,D,0.64,0.56,60,40,7,11,0,2,2.0,1.0,2.0,1.0,4,6,473,309,385,227,12,10,18,29,9,10,45,50,30,22,52,41,,,2,0,0.1858,0.0
13981953,24,2026-03-08,Radomiak Radom,7295,GKS Katowice,3112,0,1,Stadion im. Braci Czachorów,Radom,Damian Kos,A,1.27,0.93,67,33,15,9,2,2,1.0,2.0,1.0,1.0,8,3,474,244,366,149,11,25,11,13,4,11,53,52,28,17,67,50,2.0,4.0,1,2,0.3755,0.1875
13981956,24,2026-03-08,Raków Częstochowa,35268,Pogoń Szczecin,3117,2,0,Miejski Stadion Piłkarski Raków w Częstochowie,Czestochowa,Jaroslaw Przybyl,H,2.2,0.2,64,36,24,5,6,1,4.0,0.0,2.0,0.0,6,0,552,322,477,242,11,13,16,12,9,4,65,49,51,6,71,35,0.0,3.0,1,4,0.0814,-0.2317
13981957,24,2026-03-07,MKS Korona Kielce,5065,Bruk-Bet Termalica Nieciecza,36851,2,1,Exbud Arena,Kielce,Karol Arys,H,2.0,1.66,51,49,10,17,4,2,4.0,2.0,2.0,1.0,5,6,373,349,294,265,19,12,17,10,10,8,52,41,25,38,46,49,1.0,0.0,1,2,-0.3637,0.5435
13981958,24,2026-03-06,KS Lechia Gdańsk,7913,Jagiellonia Białystok,7691,3,0,Polsat Plus Arena Gdańsk,Gdansk,Piotr Lasyk,H,2.02,0.92,37,63,10,13,7,2,4.0,0.0,1.0,0.0,2,9,303,518,220,417,10,8,21,7,10,8,48,40,14,23,49,69,1.0,2.0,1,4,0.1849,-0.9048
13981959,24,2026-03-07,Piast Gliwice,7918,Zagłębie Lubin,3113,1,3,Stadion Miejski w Gliwicach,Gliwice,Wojciech Myc,A,1.39,0.63,67,33,17,8,3,5,2.0,1.0,2.0,0.0,10,7,439,215,357,127,8,15,11,11,2,4,37,34,36,12,65,40,1.0,3.0,2,2,-0.8967,-0.2584
13981960,24,2026-03-07,Widzew Łódź,3115,Lech Poznań,3121,2,1,Stadion Widzewa Łódź,Lodz,Szymon Marciniak,H,0.68,0.85,29,71,11,12,4,6,1.0,3.0,0.0,2.0,3,5,219,565,148,492,21,11,23,10,7,3,39,32,17,26,34,57,3.0,1.0,5,2,-0.0815,-0.9613
13981961,25,2026-03-13,Bruk-Bet Termalica Nieciecza,36851,Motor Lublin,7915,1,2,Stadion Bruk-Bet,Nieciecza,Mateusz Piszczelok,A,1.5,1.54,45,55,20,11,7,4,4.0,2.0,3.0,1.0,4,4,367,471,278,388,19,13,18,11,5,10,45,59,55,30,59,52,3.0,6.0,2,6,-0.8647,0.7762
13981962,25,2026-03-15,MZKS Arka Gdynia,5064,Widzew Łódź,3115,0,0,Stadion GOSiR,Gdynia,Damian Sylwestrzak,D,0.6,0.66,50,50,10,10,1,1,1.0,0.0,1.0,0.0,8,3,313,331,238,234,20,21,10,16,8,5,33,36,16,17,59,52,2.0,1.0,1,1,0.4093,0.2207
13981963,25,2026-03-15,Zagłębie Lubin,3113,Lech Poznań,3121,0,1,KGHM Zagłębie Arena,Lubin,Daniel Stefanski,A,0.56,2.15,37,63,14,15,1,4,0.0,2.0,0.0,1.0,2,3,287,516,192,425,12,14,16,15,13,5,61,51,33,19,52,49,1.0,3.0,3,1,0.3034,0.4831
13981964,25,2026-03-13,Radomiak Radom,7295,Legia Warszawa,3106,1,1,Stadion im. Braci Czachorów,Radom,Piotr Lasyk,D,0.6,0.78,58,42,7,11,1,6,1.0,3.0,0.0,2.0,3,7,404,287,311,201,14,19,12,13,9,7,43,48,3,23,52,49,2.0,1.0,5,0,-0.0786,-0.507
13981965,25,2026-03-16,Pogoń Szczecin,3117,MKS Korona Kielce,5065,2,1,Stadion Miejski im. Floriana Krygiera,Szczecin,Damian Kos,H,2.15,0.74,64,36,23,5,7,4,1.0,2.0,1.0,2.0,10,3,506,294,430,224,12,7,17,18,7,10,51,51,51,14,72,46,0.0,1.0,4,5,0.1446,-1.4136
13981966,25,2026-03-15,Górnik Zabrze,3110,Raków Częstochowa,35268,3,1,Stadion im. Ernesta Pohla,Zabrze,Paweł Raczkowski,H,0.7,1.43,43,57,13,15,6,3,0.0,4.0,0.0,3.0,4,7,338,437,253,378,12,10,17,11,7,11,36,34,17,18,45,39,,,2,3,0.048,-1.4782
13981967,25,2026-03-14,Cracovia,4901,Wisła Płock,3122,1,2,Marshal Jozef Pilsudski Stadium,Kraków,Tomasz Kwiatkowski,A,1.5,0.78,74,26,29,4,6,2,1.0,1.0,,,11,4,513,190,452,103,6,8,10,17,7,2,49,39,50,12,71,44,0.0,3.0,2,6,-1.2818,0.1107
13981968,25,2026-03-14,Jagiellonia Białystok,7691,Piast Gliwice,7918,1,2,Chorten Arena,Bialystok,Marcin Szczerbowicz,A,0.48,1.01,64,36,15,17,5,7,0.0,1.0,,,7,7,563,317,448,226,6,15,14,15,10,14,53,57,23,29,72,56,0.0,3.0,4,4,-0.7667,-0.2922
13981969,25,2026-03-14,GKS Katowice,3112,KS Lechia Gdańsk,7913,2,0,Arena Katowice,Katowice,Marcin Kochanek,H,1.39,1.02,38,62,13,14,7,1,2.0,1.0,0.0,1.0,5,5,299,495,222,409,9,8,13,16,6,7,39,56,14,22,43,60,1.0,2.0,1,5,0.0097,-0.8446
13981971,26,2026-03-22,Legia Warszawa,3106,Raków Częstochowa,35268,1,1,Stadion Wojska Polskiego w Warszawie,Warsaw,Lukasz Kuzma,D,1.71,1.52,54,46,17,11,2,4,1.0,2.0,0.0,1.0,7,3,413,379,341,295,18,11,15,21,11,9,46,41,31,17,53,37,1.0,3.0,3,1,0.2148,-0.016
13981972,26,2026-03-21,KS Lechia Gdańsk,7913,Pogoń Szczecin,3117,2,1,Polsat Plus Arena Gdańsk,Gdansk,Wojciech Myc,H,2.68,1.53,40,60,15,18,7,7,4.0,1.0,2.0,1.0,7,9,298,454,213,352,10,6,19,4,12,12,47,51,19,40,61,57,1.0,0.0,6,4,0.516,-0.3256
13981973,26,2026-03-20,Motor Lublin,7915,Zagłębie Lubin,3113,1,0,Arena Lublin,Lublin,Damian Kos,H,1.5,0.37,47,53,9,9,1,1,2.0,0.0,1.0,0.0,4,5,285,330,188,234,13,14,22,24,2,8,54,49,26,32,35,67,,,1,0,0.0348,-0.138
13981975,26,2026-03-22,Lech Poznań,3121,Bruk-Bet Termalica Nieciecza,36851,4,1,Enea Poznań,Poznan,Patryk Gryckiewicz,H,3.58,1.23,67,33,26,9,9,4,6.0,1.0,4.0,1.0,6,5,560,271,499,203,7,17,12,13,5,4,39,34,37,13,57,31,0.0,5.0,3,5,-0.3032,-1.2783
13981976,26,2026-03-20,Piast Gliwice,7918,Radomiak Radom,7295,3,1,Stadion Miejski w Gliwicach,Gliwice,Bartosz Frankowski,H,2.84,0.58,45,55,20,6,9,2,4.0,1.0,3.0,1.0,5,3,367,455,279,365,7,8,12,16,10,12,55,56,35,22,64,53,3.0,3.0,1,6,-0.1261,0.2482
13981977,26,2026-03-22,MKS Korona Kielce,5065,MZKS Arka Gdynia,5064,3,0,Exbud Arena,Kielce,Jaroslaw Przybyl,H,3.01,0.81,54,46,25,10,4,5,4.0,2.0,2.0,2.0,7,3,410,355,317,276,14,16,16,15,7,7,42,35,39,22,49,36,1.0,1.0,5,1,1.3008,-0.8248
13981979,26,2026-03-21,Cracovia,4901,GKS Katowice,3112,1,0,Marshal Jozef Pilsudski Stadium,Kraków,Pawel Malec,H,1.2,1.67,40,60,9,17,2,4,1.0,2.0,1.0,2.0,6,3,280,416,200,335,11,14,13,13,12,4,39,42,21,28,38,53,2.0,1.0,3,1,0.2333,-0.0444
13981980,26,2026-03-22,Widzew Łódź,3115,Górnik Zabrze,3110,0,0,Stadion Widzewa Łódź,Lodz,Karol Arys,D,0.3,0.39,46,54,5,8,0,2,,,,,1,2,374,443,259,340,17,9,24,32,11,8,47,50,18,14,58,60,1.0,1.0,2,0,0.2676,0.0
14510058,26,2026-03-21,Jagiellonia Białystok,7691,Wisła Płock,3122,1,2,Chorten Arena,Bialystok,Piotr Lasyk,A,2.05,1.42,74,26,25,6,8,3,3.0,2.0,2.0,0.0,8,1,662,239,586,158,6,10,9,20,7,9,51,54,32,12,97,37,0.0,2.0,1,7,-0.4178,0.1839
13981974,27,2026-04-06,KS Lechia Gdańsk,7913,MKS Korona Kielce,5065,4,2,Polsat Plus Arena Gdańsk,Gdansk,Tomasz Kwiatkowski,H,3.56,1.89,52,48,17,18,9,4,7.0,3.0,4.0,2.0,6,5,367,342,296,265,14,6,21,9,4,5,52,52,36,40,50,42,4.0,0.0,2,4,0.7044,-0.4944
13981978,27,2026-04-07,MZKS Arka Gdynia,5064,Zagłębie Lubin,3113,3,1,Stadion GOSiR,Gdynia,Patryk Gryckiewicz,H,1.86,0.87,50,50,14,11,5,2,2.0,1.0,1.0,0.0,5,5,315,297,226,210,13,15,9,17,5,8,39,36,24,21,45,66,3.0,4.0,1,2,0.0615,-0.5046
13981981,27,2026-04-06,Radomiak Radom,7295,Motor Lublin,7915,1,1,Stadion im. Braci Czachorów,Radom,Koki Nagamine,D,1.85,1.01,46,54,17,15,2,3,4.0,2.0,3.0,2.0,6,10,359,420,310,359,15,14,11,18,11,4,44,36,30,29,37,52,0.0,3.0,3,1,-0.2485,0.1284
13981982,27,2026-04-04,GKS Katowice,3112,Wisła Płock,3122,1,0,Arena Katowice,Katowice,Daniel Stefanski,H,0.94,1.1,64,36,15,15,5,4,1.0,2.0,0.0,2.0,10,2,543,312,478,242,9,9,15,9,4,9,43,40,31,24,61,53,3.0,1.0,4,4,0.8433,0.0493
13981983,27,2026-04-04,Górnik Zabrze,3110,Cracovia,4901,3,0,Stadion im. Ernesta Pohla,Zabrze,Lukasz Kuzma,H,2.53,1.21,53,47,16,16,4,3,5.0,1.0,2.0,1.0,4,6,479,413,404,338,10,11,16,22,16,10,52,44,32,16,52,50,0.0,2.0,3,1,0.3879,-0.9069
13981984,27,2026-04-06,Bruk-Bet Termalica Nieciecza,36851,Piast Gliwice,7918,3,2,Stadion Bruk-Bet,Nieciecza,Damian Kos,H,1.4,2.01,38,62,6,21,5,7,2.0,2.0,,,3,9,289,465,185,362,10,9,11,11,9,3,51,54,8,37,57,60,3.0,3.0,5,2,-0.5377,-0.7805
13981985,27,2026-04-04,Raków Częstochowa,35268,Widzew Łódź,3115,1,1,Miejski Stadion Piłkarski Raków w Częstochowie,Czestochowa,Paweł Raczkowski,D,1.22,1.07,39,61,7,16,2,2,3.0,1.0,2.0,1.0,4,5,305,468,203,386,10,19,7,6,6,7,43,48,22,24,54,60,2.0,4.0,1,2,-0.9115,0.0243
13981986,27,2026-04-06,Pogoń Szczecin,3117,Legia Warszawa,3106,0,2,Stadion Miejski im. Floriana Krygiera,Szczecin,Wojciech Myc,A,0.8,2.22,58,42,14,10,1,6,1.0,3.0,1.0,2.0,4,3,451,319,361,234,9,11,15,15,3,9,53,52,19,26,48,57,2.0,1.0,4,1,0.2172,0.0491
13981987,27,2026-04-04,Jagiellonia Białystok,7691,Lech Poznań,3121,0,0,Chorten Arena,Bialystok,Jaroslaw Przybyl,D,1.04,1.26,49,51,10,17,3,3,2.0,1.0,2.0,1.0,3,3,472,486,406,430,15,12,20,12,8,11,55,46,18,30,63,54,3.0,1.0,3,3,0.9781,0.9419
13981988,28,2026-04-10,Wisła Płock,3122,KS Lechia Gdańsk,7913,1,0,Stadion im. Kazimierza Gorskiego,Plock,Koki Nagamine,H,1.38,1.34,32,68,9,17,4,2,2.0,2.0,1.0,2.0,4,13,231,476,171,409,10,9,11,7,11,4,39,51,13,23,41,81,2.0,2.0,2,3,0.1387,0.6164
13981989,28,2026-04-11,Legia Warszawa,3106,Górnik Zabrze,3110,1,1,Stadion Wojska Polskiego w Warszawie,Warsaw,Damian Kos,D,1.87,0.4,43,57,14,7,1,2,4.0,2.0,3.0,1.0,6,3,362,506,294,422,14,10,18,20,8,5,35,31,26,19,59,46,4.0,3.0,1,0,-0.3032,-0.0147
13981990,28,2026-04-12,Motor Lublin,7915,Raków Częstochowa,35268,1,1,Arena Lublin,Lublin,Bartosz Frankowski,D,1.13,2.21,51,49,7,12,3,5,2.0,2.0,1.0,1.0,7,4,370,357,284,273,13,7,10,18,5,4,59,51,20,29,50,67,3.0,0.0,4,2,0.9367,0.0704
13981991,28,2026-04-12,Cracovia,4901,MZKS Arka Gdynia,5064,2,2,Marshal Jozef Pilsudski Stadium,Kraków,Karol Arys,D,1.37,0.56,51,49,14,10,7,4,4.0,2.0,2.0,1.0,5,3,372,355,282,269,20,10,16,17,12,13,54,52,21,17,58,41,1.0,0.0,1,5,-0.8181,0.5648
13981992,28,2026-04-10,MKS Korona Kielce,5065,Jagiellonia Białystok,7691,1,1,Exbud Arena,Kielce,Pawel Malec,D,2.42,1.09,36,64,21,10,5,4,4.0,1.0,3.0,0.0,5,3,262,512,188,413,9,11,12,13,10,5,45,42,43,19,45,42,0.0,1.0,3,4,0.0878,0.965
13981993,28,2026-04-12,Lech Poznań,3121,GKS Katowice,3112,3,3,Enea Poznań,Poznan,Damian Sylwestrzak,D,1.16,1.48,63,37,18,18,6,9,2.0,4.0,2.0,2.0,6,9,541,319,476,262,10,9,15,11,3,10,46,56,35,25,49,44,1.0,0.0,5,4,0.4136,-1.8906
13981996,28,2026-04-11,Widzew Łódź,3115,Bruk-Bet Termalica Nieciecza,36851,1,0,Stadion Widzewa Łódź,Lodz,Daniel Stefanski,H,2.07,0.8,56,44,20,9,8,2,6.0,1.0,5.0,1.0,10,1,394,322,309,225,14,19,15,16,14,7,42,39,26,25,62,67,3.0,3.0,2,7,0.485,1.568
13981998,28,2026-04-11,Zagłębie Lubin,3113,Radomiak Radom,7295,1,0,KGHM Zagłębie Arena,Lubin,Piotr Lasyk,H,1.03,1.26,37,63,17,11,3,0,2.0,4.0,1.0,4.0,1,3,247,413,155,325,24,14,17,9,12,2,41,41,22,23,54,50,1.0,4.0,0,2,0.0,-0.4728
13982000,28,2026-04-13,Piast Gliwice,7918,Pogoń Szczecin,3117,0,2,Stadion Miejski w Gliwicach,Gliwice,Lukasz Kuzma,A,1.81,1.7,59,41,16,4,2,3,5.0,2.0,5.0,1.0,11,1,434,320,351,222,13,14,15,14,13,9,46,48,31,14,66,53,1.0,1.0,1,2,-0.0491,0.4616
13981994,29,2026-04-19,MZKS Arka Gdynia,5064,Jagiellonia Białystok,7691,0,3,Stadion GOSiR,Gdynia,Wojciech Myc,A,2.6,1.46,49,51,18,10,7,5,4.0,4.0,4.0,2.0,7,3,347,387,285,320,12,16,10,15,12,4,41,46,31,20,56,33,2.0,4.0,2,6,0.0701,1.5896
13981995,29,2026-04-19,Bruk-Bet Termalica Nieciecza,36851,Wisła Płock,3122,1,3,Stadion Bruk-Bet,Nieciecza,Marcin Szczerbowicz,A,1.62,1.5,57,43,14,16,7,7,3.0,4.0,3.0,2.0,2,5,479,371,403,310,9,13,9,9,6,9,35,43,27,21,70,44,2.0,0.0,4,6,-0.5405,0.9349
13981997,29,2026-04-17,Legia Warszawa,3106,Zagłębie Lubin,3113,1,0,Stadion Wojska Polskiego w Warszawie,Warsaw,Koki Nagamine,H,1.8,0.41,62,38,14,8,4,1,2.0,1.0,1.0,1.0,10,4,385,235,296,151,12,17,12,14,5,8,46,41,32,19,55,45,1.0,3.0,1,1,0.7241,0.3038
13981999,29,2026-04-20,KS Lechia Gdańsk,7913,Piast Gliwice,7918,1,1,Polsat Plus Arena Gdańsk,Gdansk,Paweł Raczkowski,D,1.53,1.6,55,45,20,8,7,2,3.0,2.0,3.0,1.0,11,0,412,347,326,278,13,9,19,16,4,11,51,59,46,14,71,49,1.0,3.0,1,5,-0.0863,0.0968
13982001,29,2026-04-18,Górnik Zabrze,3110,MKS Korona Kielce,5065,1,0,Stadion im. Ernesta Pohla,Zabrze,Damian Sylwestrzak,H,1.71,1.22,57,43,20,17,6,3,3.0,4.0,2.0,4.0,6,6,432,310,364,237,5,15,9,16,8,3,52,47,34,32,46,39,0.0,3.0,3,5,1.6672,0.8861
13982002,29,2026-04-18,Pogoń Szczecin,3117,Lech Poznań,3121,1,2,Stadion Miejski im. Floriana Krygiera,Szczecin,Patryk Gryckiewicz,A,0.61,3.74,55,45,6,22,3,11,1.0,5.0,0.0,4.0,5,6,425,345,345,266,13,12,11,15,13,11,44,53,14,33,61,38,3.0,3.0,9,1,1.1221,-0.2204
13982003,29,2026-04-18,Radomiak Radom,7295,Widzew Łódź,3115,2,1,Stadion im. Braci Czachorów,Radom,Jaroslaw Przybyl,H,2.33,0.23,51,49,20,7,5,2,2.0,0.0,1.0,0.0,6,2,341,341,262,240,12,15,10,13,13,10,53,51,26,23,56,55,5.0,1.0,2,3,-0.9365,-0.6966
13982004,29,2026-04-17,GKS Katowice,3112,Motor Lublin,7915,3,2,Arena Katowice,Katowice,Tomasz Marciniak,H,2.89,1.67,45,55,22,16,8,8,3.0,2.0,1.0,2.0,4,7,327,412,241,324,12,14,18,11,11,9,45,40,53,29,53,50,2.0,5.0,6,4,-0.0637,-0.6881
13982006,29,2026-04-19,Raków Częstochowa,35268,Cracovia,4901,4,1,Miejski Stadion Piłkarski Raków w Częstochowie,Czestochowa,Szymon Marciniak,H,1.76,1.58,61,39,9,19,7,6,4.0,3.0,1.0,2.0,2,7,558,343,490,265,10,17,5,11,6,6,41,51,17,24,46,48,1.0,2.0,5,3,1.2072,-0.342
13982005,30,2026-04-26,Wisła Płock,3122,Radomiak Radom,7295,0,1,Orlen Arena,Plock,Daniel Stefanski,A,1.31,0.88,44,56,10,17,2,6,3.0,1.0,3.0,0.0,7,7,341,460,267,400,14,11,17,10,9,13,48,36,21,21,43,59,3.0,2.0,5,2,0.2719,0.2211
13982007,30,2026-04-24,Zagłębie Lubin,3113,Bruk-Bet Termalica Nieciecza,36851,1,2,KGHM Zagłębie Arena,Lubin,Damian Kos,A,0.56,1.65,42,58,10,15,2,8,1.0,3.0,0.0,1.0,6,4,276,388,185,316,11,16,15,8,4,2,39,35,30,29,46,50,6.0,2.0,6,1,-0.618,-0.4109
13982008,30,2026-04-25,KS Lechia Gdańsk,7913,Raków Częstochowa,35268,1,2,Polsat Plus Arena Gdańsk,Gdansk,Koki Nagamine,A,1.77,1.6,49,51,11,16,6,4,2.0,1.0,1.0,0.0,3,3,360,393,276,317,13,13,14,9,6,4,47,42,30,22,51,44,2.0,2.0,2,5,-0.4677,0.6681
13982009,30,2026-04-25,MKS Korona Kielce,5065,GKS Katowice,3112,1,1,Exbud Arena,Kielce,Bartosz Frankowski,D,1.9,1.88,56,44,17,16,4,5,3.0,2.0,2.0,1.0,5,3,436,354,331,253,9,8,14,10,8,6,59,44,28,27,54,44,2.0,0.0,4,3,1.0822,0.4344
13982010,30,2026-04-25,Cracovia,4901,Pogoń Szczecin,3117,1,1,Marshal Jozef Pilsudski Stadium,Kraków,Damian Sylwestrzak,D,0.98,0.97,55,45,13,9,4,2,4.0,1.0,3.0,1.0,7,0,415,349,324,264,14,20,13,9,6,8,43,41,19,17,53,63,3.0,4.0,1,3,-0.8165,0.0582
13982011,30,2026-04-26,Lech Poznań,3121,Legia Warszawa,3106,4,0,Enea Poznań,Poznan,Piotr Lasyk,H,2.61,0.37,67,33,23,5,7,0,5.0,1.0,2.0,1.0,5,2,604,289,541,232,11,14,11,17,7,11,49,47,41,11,76,26,0.0,1.0,1,3,0.0,-0.5231
13982014,30,2026-04-24,Jagiellonia Białystok,7691,Górnik Zabrze,3110,1,2,Chorten Arena,Bialystok,Tomasz Kwiatkowski,A,1.36,1.71,61,39,18,11,7,4,3.0,2.0,2.0,1.0,7,2,512,328,433,256,13,14,20,21,4,12,43,42,32,17,67,49,4.0,3.0,3,7,-0.5174,0.0605
13982015,30,2026-04-27,Piast Gliwice,7918,MZKS Arka Gdynia,5064,4,1,Stadion Miejski w Gliwicach,Gliwice,Szymon Marciniak,H,2.3,0.95,64,36,24,7,12,3,4.0,2.0,2.0,1.0,6,5,512,282,421,189,11,7,15,19,5,11,54,41,51,12,49,52,2.0,2.0,2,8,0.254,-0.7533
13982016,30,2026-04-26,Widzew Łódź,3115,Motor Lublin,7915,2,0,Stadion Widzewa Łódź,Lodz,Lukasz Kuzma,H,1.06,0.77,37,63,14,9,5,1,2.0,1.0,1.0,1.0,4,6,247,435,173,355,17,18,22,19,10,9,52,45,20,23,48,49,2.0,1.0,1,3,0.0531,-0.8189
13982012,31,2026-05-01,Legia Warszawa,3106,Widzew Łódź,3115,1,0,Stadion Wojska Polskiego w Warszawie,Warsaw,Wojciech Myc,H,2.0,0.3,62,38,15,6,4,1,3.0,1.0,2.0,1.0,6,1,490,301,411,227,15,15,16,15,11,8,44,42,35,12,65,38,4.0,2.0,1,2,0.0113,0.4387
13982013,31,2026-05-13,MZKS Arka Gdynia,5064,Górnik Zabrze,3110,0,0,Stadion GOSiR,Gdynia,Marcin Szczerbowicz,D,1.32,1.03,36,64,11,15,2,2,2.0,1.0,2.0,1.0,1,9,275,490,190,398,14,12,16,15,10,4,45,50,15,29,58,70,0.0,2.0,1,2,0.009,0.554
13982017,31,2026-05-02,Motor Lublin,7915,Lech Poznań,3121,0,1,Arena Lublin,Lublin,Karol Arys,A,0.73,1.73,52,48,11,24,1,6,1.0,2.0,1.0,2.0,3,7,420,384,347,317,10,8,16,14,7,7,51,57,20,35,45,58,,,5,1,0.1379,0.1948
13982018,31,2026-05-03,Zagłębie Lubin,3113,Cracovia,4901,0,0,KGHM Zagłębie Arena,Lubin,Tomasz Kwiatkowski,D,1.3,0.78,32,68,18,15,3,3,2.0,1.0,2.0,1.0,5,11,219,444,144,379,6,14,8,9,6,2,33,30,26,34,43,58,2.0,2.0,2,3,0.1797,0.7126
13982019,31,2026-05-04,Radomiak Radom,7295,KS Lechia Gdańsk,7913,3,1,Stadion im. Braci Czachorów,Radom,Szymon Marciniak,H,1.1,3.56,34,66,13,27,5,7,1.0,6.0,1.0,5.0,4,7,252,469,171,403,10,9,13,11,9,5,40,52,12,39,48,61,1.0,2.0,6,2,1.7062,-1.5414
13982020,31,2026-05-03,Pogoń Szczecin,3117,Wisła Płock,3122,3,0,Stadion Miejski im. Floriana Krygiera,Szczecin,Paweł Raczkowski,H,1.99,0.64,51,49,11,10,7,3,5.0,1.0,2.0,1.0,5,9,338,319,272,246,10,8,20,13,7,5,40,41,16,26,52,44,1.0,2.0,4,4,0.3445,-0.2509
13982021,31,2026-05-13,Raków Częstochowa,35268,Jagiellonia Białystok,7691,0,2,Miejski Stadion Piłkarski Raków w Częstochowie,Czestochowa,Szymon Marciniak,A,3.19,1.28,60,40,25,13,3,7,4.0,2.0,4.0,0.0,6,4,497,349,433,268,8,9,16,14,9,10,60,55,52,20,66,37,1.0,4.0,5,3,0.058,0.5073
13982022,31,2026-05-01,MKS Korona Kielce,5065,Piast Gliwice,7918,1,1,Exbud Arena,Kielce,Patryk Gryckiewicz,D,1.88,2.28,51,49,12,15,7,4,4.0,3.0,3.0,2.0,5,6,408,385,324,293,15,12,14,14,6,3,43,50,20,39,47,56,1.0,0.0,2,6,0.331,2.8458
13982024,31,2026-05-03,GKS Katowice,3112,Bruk-Bet Termalica Nieciecza,36851,5,1,Arena Katowice,Katowice,Pawel Malec,H,1.97,1.26,43,57,12,17,7,1,7.0,2.0,3.0,2.0,3,9,301,392,229,308,10,9,10,10,9,8,40,47,18,33,37,60,0.0,1.0,1,3,-0.3031,-1.6691
13982023,32,2026-05-10,Wisła Płock,3122,Motor Lublin,7915,0,4,Stadion im. Kazimierza Gorskiego,Plock,Paweł Raczkowski,A,1.77,1.65,57,43,22,17,4,6,1.0,2.0,1.0,1.0,7,6,358,277,289,222,12,12,13,11,6,6,38,38,30,29,40,30,2.0,2.0,2,4,-0.9692,1.5856
13982025,32,2026-05-10,Bruk-Bet Termalica Nieciecza,36851,Legia Warszawa,3106,0,1,Stadion Bruk-Bet,Nieciecza,Karol Arys,A,0.97,0.48,59,41,10,6,4,1,2.0,1.0,2.0,1.0,6,1,512,360,406,290,14,17,15,13,7,10,35,44,39,13,60,52,2.0,1.0,1,4,-0.5234,0.8334
13982026,32,2026-05-09,Jagiellonia Białystok,7691,Pogoń Szczecin,3117,3,2,Chorten Arena,Bialystok,Wojciech Myc,H,2.09,0.96,57,43,20,10,14,3,3.0,1.0,1.0,0.0,7,0,472,360,399,293,17,19,13,13,17,10,44,39,43,15,49,41,1.0,0.0,1,11,-0.535,0.3574
13982027,32,2026-05-08,Raków Częstochowa,35268,MKS Korona Kielce,5065,2,0,Miejski Stadion Piłkarski Raków w Częstochowie,Czestochowa,Lukasz Kuzma,H,1.27,1.35,49,51,14,11,5,3,1.0,1.0,1.0,1.0,6,2,430,448,349,362,9,16,15,27,8,5,54,51,33,17,58,43,1.0,2.0,3,3,0.2637,-0.6847
13982028,32,2026-05-11,Cracovia,4901,Radomiak Radom,7295,0,0,Marshal Jozef Pilsudski Stadium,Kraków,Daniel Stefanski,D,1.31,0.34,60,40,17,6,4,1,2.0,0.0,2.0,0.0,5,4,427,296,346,207,12,7,12,14,5,8,43,45,25,19,62,43,5.0,4.0,1,4,0.178,0.1806
13982029,32,2026-05-10,Piast Gliwice,7918,GKS Katowice,3112,0,0,Stadion Miejski w Gliwicach,Gliwice,Damian Sylwestrzak,D,1.24,0.85,61,39,18,8,3,4,1.0,2.0,1.0,2.0,4,3,467,299,370,214,14,13,8,15,8,6,58,51,36,12,63,43,2.0,1.0,4,3,1.123,0.4811
13982030,32,2026-05-08,Lech Poznań,3121,MZKS Arka Gdynia,5064,1,1,Enea Poznań,Poznan,Bartosz Frankowski,D,1.99,0.83,81,19,25,7,7,3,3.0,2.0,2.0,1.0,15,5,665,159,578,91,7,13,11,17,3,12,48,49,64,16,85,43,1.0,4.0,2,6,0.1099,0.5504
13982031,32,2026-05-09,Górnik Zabrze,3110,Zagłębie Lubin,3113,0,2,Stadion im. Ernesta Pohla,Zabrze,Szymon Marciniak,A,1.67,1.25,64,36,25,13,5,6,2.0,1.0,2.0,0.0,15,4,492,285,431,216,10,7,19,18,4,11,42,45,46,19,67,31,0.0,1.0,4,5,-0.1328,1.4327
13982035,32,2026-05-09,Widzew Łódź,3115,KS Lechia Gdańsk,7913,3,1,Stadion Widzewa Łódź,Lodz,Jaroslaw Przybyl,H,1.92,0.95,52,48,18,12,4,2,3.0,0.0,1.0,0.0,2,2,429,388,344,296,11,15,16,23,8,4,62,58,32,23,46,63,4.0,1.0,1,1,-0.5896,-1.8131
13982033,33,2026-05-16,Wisła Płock,3122,Górnik Zabrze,3110,0,1,Orlen Arena,Plock,Wojciech Myc,A,0.71,1.0,45,55,8,14,1,5,1.0,1.0,1.0,1.0,7,4,350,408,282,344,12,11,20,10,7,4,37,38,15,21,45,55,3.0,1.0,4,1,0.5819,0.1162
13982034,33,2026-05-16,Motor Lublin,7915,Cracovia,4901,3,3,Arena Lublin,Lublin,Szymon Marciniak,D,1.62,1.64,63,37,12,17,7,7,3.0,3.0,2.0,1.0,2,7,486,267,406,192,14,12,20,22,3,14,55,57,27,21,68,38,2.0,5.0,4,3,-0.4857,-0.1042
13982036,33,2026-05-18,MZKS Arka Gdynia,5064,Bruk-Bet Termalica Nieciecza,36851,2,3,Stadion GOSiR,Gdynia,Lukasz Kuzma,A,2.12,1.11,44,56,16,12,4,4,4.0,2.0,3.0,1.0,2,4,325,424,239,330,19,11,11,17,12,6,51,47,26,15,65,55,1.0,4.0,1,1,-1.8711,-0.5456
13982037,33,2026-05-15,Zagłębie Lubin,3113,Pogoń Szczecin,3117,0,1,KGHM Zagłębie Arena,Lubin,Pawel Malec,A,0.56,1.84,30,70,10,17,3,5,1.0,3.0,1.0,3.0,3,6,236,563,159,498,8,12,10,6,4,5,34,34,15,30,41,66,1.0,3.0,4,3,0.849,0.4885
13982038,33,2026-05-17,Piast Gliwice,7918,Raków Częstochowa,35268,1,3,Stadion Miejski w Gliwicach,Gliwice,Daniel Stefanski,A,2.89,0.7,67,33,31,6,9,5,5.0,1.0,5.0,0.0,9,0,511,269,426,187,16,7,10,7,7,7,58,45,80,9,58,43,6.0,1.0,2,7,-1.5795,1.6177
13982039,33,2026-05-16,Radomiak Radom,7295,Lech Poznań,3121,1,3,Stadion im. Braci Czachorów,Radom,Karol Arys,A,0.63,1.74,54,46,7,11,2,5,0.0,3.0,,,4,4,397,343,338,273,17,15,13,12,1,4,39,44,22,34,39,38,2.0,3.0,2,2,-0.1642,-0.8563
13982040,33,2026-05-15,MKS Korona Kielce,5065,Widzew Łódź,3115,1,0,Exbud Arena,Kielce,Tomasz Kwiatkowski,H,0.8,0.54,43,57,12,7,2,3,1.0,1.0,1.0,1.0,3,2,296,392,226,311,23,16,17,18,5,6,56,49,18,13,46,61,3.0,3.0,3,1,0.8596,-0.1351
13982041,33,2026-05-17,GKS Katowice,3112,Jagiellonia Białystok,7691,2,2,Arena Katowice,Katowice,Paweł Raczkowski,D,1.2,2.17,41,59,11,21,5,7,1.0,3.0,0.0,2.0,4,9,304,448,232,373,15,10,13,9,6,8,42,45,18,46,38,54,4.0,1.0,5,3,-0.2759,-0.8028
16122254,33,2026-05-17,KS Lechia Gdańsk,7913,Legia Warszawa,3106,1,2,Polsat Plus Arena Gdańsk,Gdansk,Damian Sylwestrzak,A,1.03,1.53,62,38,16,9,6,4,0.0,1.0,,,4,5,470,275,373,186,17,12,22,15,8,15,55,44,30,21,67,36,4.0,3.0,2,5,-0.9633,0.2599
13982042,34,2026-05-23,Bruk-Bet Termalica Nieciecza,36851,KS Lechia Gdańsk,7913,3,2,Stadion Bruk-Bet,Nieciecza,Patryk Gryckiewicz,H,2.46,2.85,41,59,7,22,5,4,4.0,6.0,1.0,4.0,2,10,304,407,209,334,14,16,11,10,15,13,52,61,14,44,50,86,3.0,4.0,2,2,-0.4013,0.1484
13982043,34,2026-05-23,Pogoń Szczecin,3117,GKS Katowice,3112,1,1,Stadion Miejski im. Floriana Krygiera,Szczecin,Damian Sylwestrzak,D,1.09,0.93,47,53,13,8,2,3,2.0,3.0,2.0,3.0,4,3,359,406,289,331,13,6,12,15,8,7,40,36,32,21,31,46,2.0,2.0,2,1,0.0778,-0.4709
13982044,34,2026-05-23,Cracovia,4901,MKS Korona Kielce,5065,1,1,Marshal Jozef Pilsudski Stadium,Kraków,Bartosz Frankowski,D,1.4,0.36,39,61,9,8,1,2,1.0,0.0,,,3,1,338,525,235,431,16,10,13,10,9,6,47,39,18,17,48,74,,,1,0,-0.8636,-0.0048
13982045,34,2026-05-23,Górnik Zabrze,3110,Radomiak Radom,7295,6,2,Stadion im. Ernesta Pohla,Zabrze,Szymon Marciniak,H,3.96,0.79,48,52,25,10,11,3,6.0,1.0,3.0,0.0,6,4,447,481,382,414,9,9,23,12,14,11,51,46,46,16,36,45,0.0,5.0,1,6,-0.3878,-0.9812
13982046,34,2026-05-23,Lech Poznań,3121,Wisła Płock,3122,2,2,Enea Poznań,Poznan,Marcin Szczerbowicz,D,1.34,3.27,68,32,12,14,3,5,2.0,6.0,1.0,4.0,5,6,543,257,489,209,7,11,10,16,6,6,33,36,30,30,89,36,1.0,2.0,3,1,-0.2951,-0.617
13982047,34,2026-05-23,Legia Warszawa,3106,Motor Lublin,7915,4,0,Stadion Wojska Polskiego w Warszawie,Warsaw,Jaroslaw Przybyl,H,2.26,0.53,57,43,18,10,11,5,5.0,1.0,1.0,1.0,5,3,451,332,394,257,11,14,9,17,13,9,51,41,32,12,64,37,1.0,2.0,5,6,0.588,-0.7522
13982048,34,2026-05-23,Jagiellonia Białystok,7691,Zagłębie Lubin,3113,1,0,Chorten Arena,Bialystok,Wojciech Myc,H,1.89,2.61,55,45,14,16,4,5,2.0,3.0,1.0,3.0,6,1,394,309,322,239,15,16,11,14,5,3,47,41,27,32,57,52,1.0,3.0,5,3,1.9458,0.0839
13982049,34,2026-05-23,Raków Częstochowa,35268,MZKS Arka Gdynia,5064,3,0,Miejski Stadion Piłkarski Raków w Częstochowie,Czestochowa,Daniel Stefanski,H,0.67,0.58,60,40,12,8,5,2,0.0,1.0,0.0,1.0,1,4,477,309,398,237,14,10,11,9,5,7,39,34,24,15,58,46,1.0,2.0,2,2,0.4285,-1.4205
13982051,34,2026-05-23,Widzew Łódź,3115,Piast Gliwice,7918,2,1,Stadion Widzewa Łódź,Lodz,Karol Arys,H,0.92,0.41,38,62,10,9,2,3,3.0,1.0,2.0,0.0,6,6,260,428,170,336,14,16,20,18,8,6,50,45,17,20,45,54,1.0,1.0,2,0,-0.1436,-0.3573
